,0,1,2,3,4,5,6,7,8
0,-8.9,155471,5.446294546127319,-8.9,88059,3.818189859390259,-8.9,73575,3.44169545173645
1,-8.2,91873,4.139462947845459,-8.2,45010,2.664555549621582,-8.2,41562,2.5362484455108643
2,-5.3,44494,1.3848509788513184,-5.3,22604,0.9413340091705322,-5.3,18231,0.7914438247680664
3,-4.0,17964,0.9892003536224365,-4.0,9570,0.7410016059875488,-4.0,8334,0.7102911472320557
4,-10.7,147951,5.507758140563965,-10.7,93111,4.191644906997681,-10.7,79646,3.7258386611938477
5,-8.3,23744,1.0157768726348877,-8.3,14818,0.8335001468658447,-8.3,12312,0.7259304523468018
6,-13.5,15981,0.687523603439331,-13.5,8867,0.4981093406677246,-13.5,7885,0.4742424488067627
7,-11.4,13417,0.38585448265075684,-11.4,5951,0.25182652473449707,-11.4,4742,0.21379303932189941
8,-10.3,123564,4.400856971740723,-11.3,68217,3.16975998878479,-10.3,59451,2.75412654876709
9,-5.4,125604,4.437370300292969,-5.4,71895,3.2018532752990723,-5.4,65264,3.006016969680786
10,-12.4,6919,0.25110864639282227,-12.4,4685,0.182908296585083,-12.4,4464,0.1803741455078125
11,-8.7,110301,3.8193700313568115,-8.7,39808,1.897446632385254,-8.7,34980,1.6360435485839844
12,-7.7,112001,4.433017730712891,-7.7,69915,3.0779831409454346,-7.7,60634,2.8147428035736084
13,-4.7,19963,0.6128323078155518,-4.7,11949,0.45196032524108887,-4.7,8420,0.3724672794342041
14,-0.2,76292,4.012988090515137,-0.2,42729,2.8696746826171875,-0.2,38566,2.7445871829986572
15,-6.8,114416,3.914771318435669,-6.8,24971,1.635657787322998,-8.0,10665,1.3948655128479004
16,-2.8,58022,1.9470646381378174,-2.8,32075,1.3827319145202637,-2.8,30208,1.3156750202178955
17,-5.5,119818,4.051847696304321,-5.5,58827,2.804042100906372,-5.5,49183,2.3740134239196777
18,-10.4,31943,1.0214478969573975,-10.4,22154,0.8282923698425293,-10.4,19908,0.7780406475067139
19,-10.6,31715,0.9479823112487793,-10.6,20595,0.7729392051696777,-10.6,19301,0.7449831962585449
20,1.2,106183,3.5821497440338135,1.2,61277,2.628218173980713,1.2,49339,2.260526657104492
21,-8.2,142809,5.169586420059204,-8.3,83981,3.7316536903381348,-8.25,75801,3.3864800930023193
22,-4.2,37653,1.1217296123504639,-4.2,20908,0.8578929901123047,-4.2,18398,0.7921812534332275
23,-1.5,14899,1.3657121658325195,-1.5,7831,1.0543439388275146,-1.5,6405,1.0315074920654297
24,-0.75,74378,2.3563740253448486,-1.45,34715,1.5056986808776855,-1.45,30641,1.4348196983337402
25,2.9,34125,1.955448865890503,2.9,15953,1.4038350582122803,2.1,11999,1.2631621360778809
26,-10.3,85043,2.7648463249206543,-10.3,52550,2.1929521560668945,-10.3,45549,1.9545540809631348
27,-19.7,27516,1.2657814025878906,-19.7,12313,0.8054599761962891,-19.7,7856,0.6583762168884277
28,-8.0,34556,1.0346310138702393,-8.0,22532,0.8555965423583984,-8.0,20594,0.8160436153411865
29,-7.5,63991,3.2945210933685303,-7.6,9068,1.8396620750427246,-7.6,7665,1.818845272064209
30,-2.5,123506,4.256148338317871,-2.5,78118,3.3505449295043945,-2.5,70848,3.1080405712127686
31,-16.8,8583,0.34241485595703125,-16.8,5564,0.24335527420043945,-16.8,5359,0.23018336296081543
32,0.8,85776,2.945974349975586,0.8,47803,2.1118643283843994,0.8,41009,1.9532532691955566
33,-11.7,18178,0.6012718677520752,-11.7,10746,0.4546523094177246,-11.7,10126,0.4355895519256592
34,-4.3,62043,2.821885347366333,-4.3,34553,2.137620449066162,-4.3,29839,1.987602949142456
35,-3.9,29830,3.438380718231201,-3.9,14808,2.2908759117126465,-3.9,13726,2.190000534057617
36,-5.4,148846,5.57476282119751,-5.4,77106,3.652339458465576,-5.4,66242,3.1870365142822266
37,-9.3,10658,0.30211949348449707,-9.3,4598,0.22105813026428223,-9.3,4114,0.17590951919555664
38,-9.3,165319,5.357056140899658,-9.3,65760,3.127547264099121,-9.3,54914,2.724303960800171
39,-15.1,69282,2.1869776248931885,-15.1,34281,1.561138391494751,-15.1,26470,1.2306699752807617
40,-12.9,102690,3.7164108753204346,-12.9,53586,2.493969440460205,-12.9,44578,2.111057758331299
41,-7.3,47593,2.430684804916382,-7.3,34237,1.8721389770507812,-7.3,32960,1.7847068309783936
42,-14.2,51378,1.6326684951782227,-14.2,22207,0.9349155426025391,-14.2,19573,0.8727481365203857
43,-16.0,23445,0.5787410736083984,-16.0,12928,0.4865734577178955,-16.0,10796,0.4035215377807617
44,-20.8,34266,0.9888379573822021,-20.9,18709,0.7430462837219238,-20.9,15303,0.649742603302002
45,-6.1,38248,1.9436328411102295,-6.1,22669,1.420172929763794,-6.1,20243,1.323704481124878
46,-4.0,40559,2.000044822692871,-4.0,21003,1.3642909526824951,-4.0,20081,1.3737537860870361
47,-9.3,166285,6.305590391159058,-9.3,107951,4.823537349700928,-9.3,92279,4.303055047988892
48,-5.7,110977,6.760753631591797,-8.0,121660,5.407489061355591,-8.0,100148,4.4609150886535645
49,-0.2,55206,2.8282737731933594,-0.2,33121,2.0914573669433594,-0.2,26250,1.8555238246917725
50,-8.8,148143,5.177122592926025,-8.8,80843,3.5434231758117676,-8.8,69071,3.2110695838928223
51,-4.34,103584,3.59723162651062,-4.34,49015,2.2858150005340576,-4.34,40277,1.8977391719818115
52,-11.5,37278,1.149728536605835,-11.5,21942,0.8854055404663086,-11.5,18045,0.7579474449157715
53,-19.0,28974,0.8730983734130859,-19.0,13059,0.5544021129608154,-19.0,12311,0.49671459197998047
54,-1.21,59401,3.101738452911377,-1.21,29341,2.1133086681365967,-1.21,24079,1.868584156036377
55,-3.6,45456,1.4703402519226074,-3.6,20904,0.9140422344207764,-3.6,16124,0.7480435371398926
56,-5.8,53207,1.6574392318725586,-5.8,21958,0.9792866706848145,-5.8,19790,0.8684673309326172
57,-12.2,119765,4.250385284423828,-12.5,72745,3.1039583683013916,-12.2,61160,2.689885139465332
58,-10.8,57713,1.7318344116210938,-10.8,30595,1.2534356117248535,-10.8,26708,1.1862850189208984
59,-11.4,46778,2.268817663192749,-11.4,38052,1.685145616531372,-11.4,30751,1.4149227142333984
60,-1.44,63305,2.170050859451294,-1.44,32986,1.4701135158538818,-1.44,27525,1.226227045059204
61,-6.2,103029,4.810160398483276,-6.2,52807,3.267651319503784,-6.2,45571,2.9725403785705566
62,-19.8,18161,0.5286281108856201,-19.8,4799,0.2503211498260498,-19.8,4418,0.24243712425231934
63,-5.8,95260,3.243853807449341,-5.8,55924,2.4466066360473633,-5.8,48721,2.1551151275634766
64,-13.2,46038,1.43251633644104,-13.2,27299,1.0216948986053467,-13.2,24525,0.9810562133789062
65,-11.4,39497,1.3494088649749756,-11.4,26829,1.1490025520324707,-11.4,20991,0.9124252796173096
66,-6.5,123856,4.597599029541016,-6.5,65428,3.2451257705688477,-6.5,55932,2.9001054763793945
67,-7.7,136842,4.589836597442627,-7.7,69358,3.1636106967926025,-7.7,62249,2.868750810623169
68,-11.5,125911,4.220552206039429,-11.5,64923,2.952131748199463,-11.5,61434,2.784752368927002
69,-11.9,46113,1.5352420806884766,-11.9,31666,1.2214782238006592,-11.9,27470,1.1838593482971191
70,-7.1,101751,5.450524568557739,-7.1,50085,3.780231237411499,-7.1,44604,3.513590097427368
71,-6.5,57901,1.8869397640228271,-6.5,30271,1.271693468093872,-6.5,26870,1.279139518737793
72,-7.0,133103,4.9194560050964355,-7.0,80691,3.5805702209472656,-7.0,70788,3.345461368560791
73,-7.7,45488,1.5155622959136963,-7.7,29247,1.1748096942901611,-7.7,24769,1.0958049297332764
74,-10.4,37088,1.625483751296997,-10.7,25721,1.0021603107452393,-10.7,23247,0.9335522651672363
75,-10.7,12552,0.3865325450897217,-10.7,8025,0.30599212646484375,-10.7,7820,0.33056640625
76,-18.3,22126,0.6665525436401367,-18.3,13214,0.4915037155151367,-18.3,12241,0.4948594570159912
77,-4.4,38256,1.73282790184021,-4.4,17536,1.1996114253997803,-4.4,14639,1.1642613410949707
78,-4.5,135985,5.14760160446167,-5.5,83583,3.8372161388397217,-5.5,78673,3.904371500015259
79,-11.8,6635,0.7473235130310059,-11.8,4135,0.6076273918151855,-11.8,3762,0.5868592262268066
80,-15.4,40371,1.207279920578003,-15.4,21407,0.8510394096374512,-15.4,18415,0.7602765560150146
81,-1.92,46723,2.552154779434204,-1.92,24853,1.7624797821044922,-1.92,18137,1.4886658191680908
82,-7.6,107923,6.008765697479248,-7.6,57191,4.147239446640015,-7.6,38256,3.4621288776397705
83,-15.3,16721,0.8441269397735596,-15.3,11533,0.6565830707550049,-15.3,15055,0.5942282676696777
84,-7.1,36487,1.9836297035217285,-7.1,19046,1.5866024494171143,-7.1,16524,1.4348149299621582
85,-9.0,69630,4.442860841751099,-9.0,39466,2.97281551361084,-9.0,41953,2.8829550743103027
86,-15.7,6514,0.22286605834960938,-15.7,3843,0.15218162536621094,-15.7,3040,0.13991427421569824
87,4.41,35599,2.114631414413452,4.41,18666,1.4603400230407715,4.41,14270,1.3302457332611084
88,-12.3,67575,2.3185384273529053,-12.3,42881,1.8046276569366455,-12.3,37091,1.6105186939239502
89,-6.2,207629,6.7927021980285645,-6.2,75881,3.9063074588775635,-6.2,58222,3.1427245140075684
90,-0.5,50103,1.602299690246582,-0.5,28386,1.164891242980957,-0.5,24647,1.111668586730957
91,-4.9,57433,1.9331598281860352,-5.5,36466,1.5082221031188965,-5.5,29779,1.3353981971740723
92,-5.37,37826,1.2177531719207764,-5.37,13102,0.598332405090332,-5.37,12058,0.5079936981201172
93,-12.3,22377,0.7449760437011719,-12.3,10942,0.48598766326904297,-12.4,10661,0.44969892501831055
94,-6.4,25832,0.8264672756195068,-6.4,16048,0.6055853366851807,-6.8,13707,0.611945390701294
95,-17.5,12748,0.6812078952789307,-17.5,8410,0.5448071956634521,-17.5,8055,0.5259037017822266
96,4.5,71101,2.3946609497070312,4.5,22520,1.6821460723876953,4.3,19504,1.608687162399292
97,-14.1,18731,0.8117465972900391,-14.1,10100,0.6103436946868896,-14.1,9300,0.5940918922424316
98,-8.3,29689,0.9661898612976074,-8.3,14090,0.6437711715698242,-8.3,11476,0.5531716346740723
99,-3.5,2694,1.9656486511230469,-3.6,16121,1.3506715297698975,-3.6,14582,1.2727689743041992
100,-4.3,136926,4.724832057952881,-4.3,70040,3.125225782394409,-4.3,59793,2.74221134185791
101,-7.3,37722,2.6223349571228027,-7.3,15573,1.6360507011413574,-7.3,14574,1.586787223815918
102,-10.4,189548,7.097638130187988,-10.4,97907,4.709877252578735,-9.4,78010,4.020963668823242
103,-11.8,24624,1.1566243171691895,-11.8,11905,0.810239315032959,-11.8,10861,0.7647993564605713
104,-4.0,63504,2.220585346221924,-4.0,40411,1.747082233428955,-4.0,33182,1.4896180629730225
105,-4.9,134249,4.813787937164307,-4.9,64832,3.0965826511383057,-4.9,53483,2.718506336212158
106,-16.5,5628,0.17031311988830566,-16.5,3188,0.12988638877868652,-16.5,2885,0.12613630294799805
107,-15.0,76942,2.8683643341064453,-15.0,49404,2.176983118057251,-13.7,42398,1.9723167419433594
108,-10.3,19633,1.0266516208648682,-10.3,10834,0.7540764808654785,-10.3,10016,0.691544771194458
109,-16.0,14004,0.4223318099975586,-16.0,8901,0.3647880554199219,-16.0,8474,0.3204689025878906
110,-12.8,12888,0.3936774730682373,-12.8,8955,0.3165590763092041,-12.8,7675,0.2993175983428955
111,-2.9,79663,2.7624917030334473,-3.0,46680,2.0425078868865967,-3.0,37628,1.6914770603179932
112,-17.9,25054,1.030426263809204,-17.9,15607,0.8189973831176758,-17.9,14634,0.7795829772949219
113,-10.5,65819,3.2970187664031982,-10.5,42510,2.4497897624969482,-10.5,36616,2.2495222091674805
114,3.1,35263,2.223008394241333,3.1,19950,1.670447826385498,2.3,40211,1.7359106540679932
115,-2.1,50977,2.3303964138031006,-2.1,28738,1.6680400371551514,-2.1,22295,1.4091248512268066
116,-13.4,31657,0.8697314262390137,-13.4,17449,0.685908317565918,-13.4,14290,0.5872030258178711
117,-8.6,138545,4.598280906677246,-8.6,78244,3.304896354675293,-8.6,69684,3.0228271484375
118,-2.9,51082,1.5795178413391113,-2.9,27133,1.1310772895812988,-2.9,24419,0.9924955368041992
119,-4.4,116500,4.0219128131866455,-4.4,59828,2.6601450443267822,-4.4,51045,2.310100555419922
120,-13.7,16430,0.730947732925415,-13.7,10667,0.5355751514434814,-13.7,10028,0.548126220703125
121,-1.2,121056,4.86915397644043,-1.2,78403,3.6860125064849854,-1.2,64938,3.481539011001587
122,-7.4,122793,4.513876438140869,-7.4,70015,3.1165075302124023,-7.4,63981,2.833652973175049
123,-8.5,33126,1.1351649761199951,-8.5,18671,0.7667198181152344,-8.5,16424,0.6987240314483643
124,-17.7,53264,1.6880431175231934,-17.7,33273,1.3645122051239014,-17.4,27270,1.1675317287445068
125,-2.7,43428,1.4559171199798584,-4.1,25714,1.048264503479004,-4.1,19642,0.8853373527526855
126,-6.9,202272,7.947310924530029,-6.9,113810,5.396155834197998,-6.9,89499,4.569227457046509
127,-3.9,60201,2.8450381755828857,-3.9,32457,1.9529941082000732,-3.9,26560,1.7720494270324707
128,-10.2,107078,3.603050470352173,-13.9,55938,2.4865713119506836,-13.9,46101,2.062790632247925
129,-11.1,72251,2.319502115249634,-11.1,41079,1.7536849975585938,-11.1,34601,1.5390381813049316
130,-8.4,128892,6.025886058807373,-8.4,65962,4.200524806976318,-8.4,56557,3.845088481903076
131,-12.9,36658,1.1770477294921875,-12.9,18859,0.8040876388549805,-12.9,16667,0.7248263359069824
132,-10.7,82860,4.186227798461914,-10.7,29295,2.1847527027130127,-10.7,58053,2.8557512760162354
133,-8.7,54387,1.732409954071045,-8.7,26192,1.1152479648590088,-8.7,19593,0.9088277816772461
134,-9.4,30288,1.4899649620056152,-9.4,30531,1.2666418552398682,-9.4,23210,1.0289411544799805
135,-6.6,61203,4.023709058761597,-6.6,69672,3.065037250518799,-6.6,57631,2.7516887187957764
136,-13.8,35441,1.1746926307678223,-15.0,21457,0.8869035243988037,-15.0,17447,0.797065258026123
137,-5.5,62181,1.8378093242645264,-5.5,24243,1.0958466529846191,-5.5,12266,1.0047471523284912
138,-10.5,40631,1.2894766330718994,-10.5,21336,0.9090261459350586,-10.5,19412,0.83274245262146
139,-5.5,54289,1.8070507049560547,-5.5,26369,1.130171537399292,-5.5,20995,0.9161927700042725
140,-19.1,8353,0.40125560760498047,-19.1,5237,0.3654673099517822,-19.1,2102,0.23867058753967285
141,-13.9,65325,2.1045773029327393,-13.9,34925,1.499753713607788,-13.9,28232,1.274549961090088
142,-11.7,8223,0.2434682846069336,-11.7,4823,0.2208719253540039,-11.7,3563,0.15636301040649414
143,-1.4,109583,3.519134044647217,-1.4,63486,2.6877169609069824,-1.4,57257,2.5108041763305664
144,-10.5,40564,2.128490447998047,-10.5,30410,1.398390293121338,-10.5,24163,1.1845591068267822
145,-7.5,31129,1.9613494873046875,-7.6,7425,1.4523992538452148,-7.6,10330,1.451080083847046
146,-4.1,129782,4.184557676315308,-5.1,72633,3.1671674251556396,-5.1,62898,2.851233720779419
147,-16.3,4441,0.13348817825317383,-16.3,3011,0.11555194854736328,-16.3,2214,0.09670019149780273
148,-23.6,50555,1.5932059288024902,-23.6,29608,1.189610242843628,-23.3,23589,0.9708588123321533
149,-28.8,20909,0.6007349491119385,-28.8,8521,0.3712022304534912,-28.8,6961,0.34055328369140625
150,-3.7,139840,4.724188327789307,-3.7,62305,2.896172523498535,-3.7,50964,2.4446310997009277
151,-3.9,60223,2.6854753494262695,-3.9,36389,1.9866971969604492,-3.9,33070,1.9152154922485352
152,-5.5,70886,3.7052488327026367,-7.3,38199,2.405287504196167,-7.3,34870,2.279555320739746
153,-12.5,46758,2.315473794937134,-12.5,23781,1.5892467498779297,-12.5,18793,1.3678653240203857
154,-5.2,63578,1.9714102745056152,-5.2,34238,1.422567367553711,-5.2,31198,1.324610710144043
155,-7.5,37271,1.0870659351348877,-7.5,23718,0.8815701007843018,-7.5,21437,0.825221061706543
156,-9.4,33528,1.0682311058044434,-9.4,21907,0.8488178253173828,-9.4,19932,0.8028786182403564
157,-15.7,7427,0.19983816146850586,-15.7,4052,0.15111446380615234,-15.7,3282,0.1374666690826416
158,-5.5,99171,5.718871593475342,-7.7,86616,4.011065483093262,-7.7,69218,3.303766965866089
159,-14.2,10707,2.7605161666870117,-14.2,10448,2.0627098083496094,-14.4,26306,1.9280788898468018
160,-5.3,49929,1.5888166427612305,-5.3,26849,1.1031007766723633,-5.3,23674,1.056997537612915
161,-11.7,50934,1.7351946830749512,-11.8,29008,1.2516632080078125,-11.7,26348,1.155742883682251
162,-14.5,42273,1.3069653511047363,-14.5,22148,0.9119148254394531,-14.5,17929,0.7781572341918945
163,3.9,110804,4.196004629135132,3.9,67094,3.01945424079895,3.9,56569,2.6996986865997314
164,-3.3,54000,1.8046278953552246,-3.3,35082,1.3680403232574463,-3.3,32488,1.3201608657836914
165,-10.4,76486,4.057702302932739,-10.6,64970,2.964510202407837,-10.4,56918,2.679857015609741
166,-10.0,46504,1.560213565826416,-10.0,26596,1.1229441165924072,-10.0,24135,1.0471999645233154
167,-2.1,90296,2.8589372634887695,-2.1,43738,1.9096214771270752,-2.1,36886,1.7400734424591064
168,-3.0,94558,3.0255672931671143,-3.0,49573,2.111133098602295,-3.0,45485,1.931919813156128
169,-4.9,21097,0.6807401180267334,-4.9,12618,0.522968053817749,-4.9,11643,0.48685503005981445
170,-14.0,35022,1.002774953842163,-14.0,19293,0.7510902881622314,-14.0,17606,0.7319817543029785
171,-18.4,84452,2.7393834590911865,-18.8,50831,2.1525726318359375,-18.8,42098,1.8728761672973633
172,-1.5,11516,0.38097214698791504,-1.5,7020,0.2969379425048828,-1.5,6841,0.2874267101287842
173,-11.5,35838,1.9640555381774902,-11.5,19010,1.3756797313690186,-11.5,17597,1.3069519996643066
174,-5.77,132929,6.841423988342285,-5.77,72874,4.530911684036255,-5.77,65103,4.306513071060181
175,-2.6,83372,2.794853925704956,-4.1,40369,1.900907039642334,-4.1,31942,1.5836279392242432
176,-14.0,14008,0.39163661003112793,-14.0,6587,0.2762887477874756,-14.0,5703,0.23383545875549316
177,-10.7,25523,1.2024767398834229,-10.7,16632,0.9482250213623047,-10.7,13639,0.8027644157409668
178,-16.1,4706,0.1428539752960205,-16.1,2192,0.10187363624572754,-16.1,1897,0.09682154655456543
179,-10.2,37475,1.2226836681365967,-10.2,18074,0.7880566120147705,-8.6,9970,0.6963741779327393
180,-7.8,24143,0.7561063766479492,-7.8,13974,0.5802364349365234,-7.8,12530,0.5140814781188965
181,-5.9,18651,0.756206750869751,-5.9,17040,0.6469395160675049,-6.1,14851,0.5774295330047607
182,-16.0,159173,5.5383687019348145,-16.0,89076,3.9858577251434326,-16.0,77976,3.7392799854278564
183,-6.1,83865,3.8977837562561035,-6.1,50228,2.9045627117156982,-6.1,44452,2.7038612365722656
184,-4.3,135463,4.943031072616577,-4.3,75905,3.4431283473968506,-4.3,65812,2.9888391494750977
185,-7.5,97915,3.3329830169677734,-7.5,45596,2.1595396995544434,-7.5,41966,2.0602340698242188
186,-15.0,21622,0.6601381301879883,-15.0,12332,0.5266401767730713,-15.3,11257,0.492708683013916
187,-9.1,19785,0.7301654815673828,-9.1,13149,0.6101813316345215,-9.1,12570,0.5754721164703369
188,-2.91,107281,3.615955114364624,-2.91,64616,2.6389472484588623,-2.91,54650,2.3195245265960693
189,-11.5,240404,9.461813688278198,-11.5,130744,6.064287900924683,-11.5,115250,5.6517493724823
190,-0.5,103217,3.645839214324951,-0.5,64129,2.7334792613983154,-0.5,53786,2.3442795276641846
191,-8.0,100708,3.621041774749756,-8.0,54214,2.405316114425659,-8.0,46223,2.201939105987549
192,-10.8,24976,0.7482614517211914,-10.8,11891,0.4821889400482178,-10.8,10077,0.46642470359802246
193,-2.9,80529,5.3927905559539795,-2.9,33026,3.390955686569214,-2.9,22241,2.952267646789551
194,-11.2,11866,0.4268956184387207,-11.2,7765,0.3254094123840332,-11.2,7530,0.3182034492492676
195,-5.6,162450,5.704680442810059,-5.6,78569,3.6883912086486816,-5.6,71082,3.3719394207000732
196,-4.5,130881,4.715210437774658,-4.5,78597,3.414855480194092,-4.5,68655,3.018834352493286
197,-4.9,147529,5.285963773727417,-4.9,81139,3.6213185787200928,-4.9,68419,3.095940351486206
198,-10.1,23617,1.0853233337402344,-10.1,14340,0.8693389892578125,-10.1,11678,0.804006814956665
199,-10.2,58387,1.779834508895874,-10.9,28832,1.1934692859649658,-10.9,25012,1.0885438919067383
200,-17.1,62898,2.0260658264160156,-17.1,29560,1.3241875171661377,-16.4,24653,1.1459136009216309
201,-7.6,31717,1.6737265586853027,-7.6,21625,1.3388304710388184,-6.8,31735,1.2973616123199463
202,-10.4,48410,2.2446343898773193,-10.4,30820,1.765397548675537,-10.4,27839,1.6872050762176514
203,-20.5,30757,0.8843355178833008,-20.5,16743,0.6461648941040039,-20.5,14682,0.6070477962493896
204,-1.0,116265,3.911168098449707,-1.0,61466,2.6545164585113525,-1.0,52429,2.389115810394287
205,-11.4,42854,2.5758111476898193,-11.4,48144,2.014998435974121,-11.4,39664,1.751075267791748
206,-14.0,16336,0.47124147415161133,-14.0,8367,0.3252103328704834,-14.0,6590,0.2924649715423584
207,-14.3,153188,5.06804633140564,-14.3,79219,3.4555001258850098,-14.3,71195,3.1496527194976807
208,-8.4,24087,0.9775559902191162,-8.4,15707,0.745600700378418,-8.4,14159,0.7227106094360352
209,-4.5,7158,0.5729541778564453,-5.6,11487,0.5717754364013672,-5.6,8442,0.44545936584472656
210,-2.9,112797,3.959536075592041,-2.9,68236,2.9156484603881836,-2.9,55722,2.6284143924713135
211,-21.5,5936,0.19329071044921875,-21.5,3220,0.13559293746948242,-21.5,2949,0.13075804710388184
212,-8.5,56988,2.088859796524048,-8.5,41148,1.711320161819458,-8.5,37945,1.6330068111419678
213,-3.8,84341,2.731954336166382,-3.8,42964,1.8150699138641357,-3.8,37973,1.663191556930542
214,2.8,36447,2.0194251537323,2.8,16738,1.295403242111206,2.8,14243,1.1855597496032715
215,-7.0,120464,3.9553639888763428,-7.5,59315,2.701568365097046,-7.5,54085,2.4993436336517334
216,-12.6,8527,0.2641940116882324,-12.6,5543,0.2518653869628906,-12.6,4435,0.1900033950805664
217,-5.2,61639,3.647489070892334,-5.7,32031,2.6515486240386963,-5.7,26249,2.4969558715820312
218,-9.7,28447,0.9245619773864746,-9.7,13910,0.6028661727905273,-9.7,12571,0.5698871612548828
219,-20.0,44037,1.2336585521697998,-20.0,25687,0.957578182220459,-20.0,22368,0.8858151435852051
220,-1.2,17361,0.7151010036468506,-1.2,9181,0.5381314754486084,-1.2,8541,0.5285344123840332
221,-13.1,30461,0.9646298885345459,-13.3,4704,0.5290050506591797,-13.3,4091,0.5569431781768799
222,-5.0,98191,3.4361367225646973,-5.0,63469,2.6759161949157715,-5.0,58750,2.529759645462036
223,-7.7,49005,1.5800535678863525,-7.7,26166,1.0997216701507568,-7.7,22492,0.9722747802734375
224,-14.3,198403,7.212108850479126,-14.3,102443,4.682653903961182,-14.3,88487,4.320233345031738
225,-10.4,28565,0.9471776485443115,-10.4,19612,0.7740139961242676,-10.4,17446,0.708158016204834
226,-2.7,22538,2.0253660678863525,-2.7,12821,1.5159697532653809,-2.7,11189,1.4709694385528564
227,-6.3,70785,2.433563709259033,-6.3,44876,1.8737618923187256,-6.3,40777,1.7597928047180176
228,-4.2,106049,3.9198801517486572,-4.2,64812,2.946646213531494,-4.2,52187,2.607649564743042
229,-4.6,103503,3.46733021736145,-6.0,56571,2.39951229095459,-6.0,49136,2.1267340183258057
230,-10.5,94413,3.2204346656799316,-10.5,62079,2.6287221908569336,-10.5,56312,2.477540969848633
231,1.9,120945,4.2872796058654785,1.4,62522,2.8510522842407227,1.4,55390,2.5008280277252197
232,-1.4,2685,1.1366846561431885,-1.4,1574,0.8424434661865234,-1.4,1351,0.8730037212371826
233,-4.7,42259,1.440434455871582,-4.7,23454,1.0402352809906006,-4.7,18681,0.82572340965271
234,-15.1,29305,0.9676222801208496,-15.1,19638,0.7569580078125,-15.1,16536,0.7356393337249756
235,-6.1,102463,3.451744556427002,-6.1,65717,2.61034893989563,-6.1,61340,2.5146396160125732
236,-2.9,69739,4.723730564117432,-4.1,39595,3.383103370666504,-4.3,33274,3.2202205657958984
237,-5.8,94423,3.1150574684143066,-5.9,50918,2.188884973526001,-5.9,44060,1.9427423477172852
238,0.52,104621,3.921067237854004,0.52,56926,2.631955146789551,0.52,51064,2.409987688064575
239,-10.6,24180,1.059748649597168,-10.6,13956,0.7965056896209717,-10.6,17555,0.752509593963623
240,-16.4,10007,0.4806554317474365,-16.4,5264,0.33616209030151367,-16.4,4517,0.3467831611633301
241,-5.4,102089,5.592984437942505,-5.4,56835,3.9591219425201416,-5.4,52481,3.8312151432037354
242,-10.0,58712,2.044154167175293,-10.0,36062,1.6245293617248535,-10.0,28801,1.361414909362793
243,-2.6,36838,1.0644993782043457,-2.6,21395,0.8133389949798584,-2.6,19231,0.742511510848999
244,1.02,133314,4.775656461715698,0.8,7530,2.512385368347168,0.8,6467,2.4047536849975586
245,-13.1,7264,0.24394845962524414,-13.1,3814,0.16487503051757812,-12.8,3169,0.15230298042297363
246,-16.3,64983,3.155611038208008,-16.3,37239,2.3716323375701904,-15.7,52328,2.3518457412719727
247,-16.5,119510,4.225744724273682,-16.5,69115,3.0577502250671387,-16.5,57583,2.7194595336914062
248,-9.2,25691,0.7804083824157715,-9.2,14703,0.5780816078186035,-9.2,12634,0.5623981952667236
249,-13.6,65048,2.7447643280029297,-13.6,40396,2.116969585418701,-13.6,34262,1.9065279960632324
250,-3.0,121373,4.165420293807983,-3.0,60727,2.711902141571045,-3.0,50046,2.3006186485290527
251,-10.6,16576,0.7350852489471436,-10.6,11350,0.5707747936248779,-10.6,14303,0.5876221656799316
252,-19.6,48899,1.66811203956604,-19.6,30711,1.2902071475982666,-19.6,27976,1.198690414428711
253,-5.3,46814,1.6186466217041016,-5.3,28328,1.2080867290496826,-5.3,27677,1.167647361755371
254,-9.2,143207,4.934448003768921,-9.2,67572,3.1604671478271484,-9.2,58464,2.813511371612549
255,-5.8,10132,0.30378150939941406,-5.8,7440,0.28788018226623535,-5.8,6333,0.2410416603088379
256,-11.7,10236,0.3184239864349365,-11.9,4382,0.19807934761047363,-11.9,4204,0.21565461158752441
257,-1.0,125677,4.760740756988525,-1.0,82417,3.7355446815490723,-1.0,69654,3.3495962619781494
258,-5.9,70991,2.422304153442383,-6.0,40999,1.7320160865783691,-7.1,19342,1.571040391921997
259,-8.1,16466,0.5330810546875,-8.1,11785,0.43739867210388184,-8.1,10370,0.432847261428833
260,-22.1,19454,0.6224627494812012,-22.1,11741,0.46860480308532715,-22.1,10132,0.4335801601409912
261,-0.2,84867,2.8599812984466553,-0.2,44459,1.9174118041992188,-0.2,36391,1.593611478805542
262,-3.5,76372,2.3553977012634277,-3.5,44758,1.7905406951904297,-3.5,38612,1.583076000213623
263,-11.0,136927,5.085606336593628,-11.0,90983,4.012747526168823,-11.0,80360,3.6988072395324707
264,-3.8,154043,5.619518518447876,-3.8,89484,3.9987428188323975,-3.8,71642,3.4691412448883057
265,-9.2,92707,3.0049469470977783,-9.2,55182,2.264737367630005,-8.7,47614,2.171644687652588
266,-9.2,45635,1.4729609489440918,-9.2,28165,1.1059131622314453,-9.2,25148,1.0295073986053467
267,1.5,44563,2.724483013153076,1.5,25126,1.9916939735412598,1.5,23082,1.8729772567749023
268,-6.2,33497,1.142571210861206,-6.2,21246,0.8474705219268799,-6.2,19048,0.7847545146942139
269,-10.0,94149,3.4438395500183105,-10.0,47733,2.492708444595337,-9.7,42276,2.4127917289733887
270,-8.2,50485,2.5189435482025146,-8.2,29040,1.7717878818511963,-8.2,27468,1.70953369140625
271,-9.5,157168,5.5485429763793945,-9.5,75530,3.5375168323516846,-9.4,60842,2.906867265701294
272,-3.4,79144,4.250032663345337,-3.6,44670,2.9478325843811035,-3.6,39855,2.7546844482421875
273,-16.4,75842,3.514516592025757,-16.4,36814,2.5113227367401123,-16.4,24114,2.0532994270324707
274,-5.4,164760,5.749114274978638,-5.4,79352,3.6830809116363525,-5.4,65090,3.309628486633301
275,-5.2,36410,1.1858553886413574,-5.2,20009,0.8484714031219482,-5.2,17036,0.7162806987762451
276,-7.3,24489,0.8187961578369141,-7.3,13228,0.5689394474029541,-7.3,11159,0.5035181045532227
277,-19.7,13476,0.5537140369415283,-19.7,8525,0.4550950527191162,-19.7,6919,0.42205309867858887
278,-7.14,51447,1.74855637550354,-7.34,33515,1.4179723262786865,-7.34,28313,1.2466380596160889
279,-11.0,30441,0.908306360244751,-11.0,16615,0.6249151229858398,-11.0,15168,0.6240472793579102
280,-7.0,24428,1.089066743850708,-7.0,17364,0.9252405166625977,-7.0,16707,0.9286603927612305
281,-14.2,10097,0.31085944175720215,-14.2,6120,0.24144649505615234,-14.2,5167,0.25502729415893555
282,-6.5,62113,3.361523151397705,-6.5,38962,2.6010024547576904,-6.5,35311,2.430861234664917
283,0.9,121481,4.359562158584595,0.8,67408,2.9985251426696777,0.8,54054,2.6113033294677734
284,-3.6,85113,4.1826722621917725,-4.3,47717,2.8365869522094727,-4.3,45839,2.777716636657715
285,-11.4,21585,0.680347204208374,-11.4,12763,0.5397965908050537,-11.4,11253,0.4706132411956787
286,-7.8,138044,4.797759532928467,-7.8,71158,3.2437291145324707,-7.8,65269,3.102670669555664
287,-8.9,216811,8.495786190032959,-8.9,118681,5.770884037017822,-8.9,103806,5.127881765365601
288,-8.4,30676,0.9458720684051514,-8.4,16771,0.6955897808074951,-8.4,14086,0.6026058197021484
289,-8.8,51820,1.6705117225646973,-8.8,29220,1.2240021228790283,-8.8,25600,1.0532326698303223
290,-16.2,232142,8.19947099685669,-16.2,124710,5.812002897262573,-16.2,95968,4.843663215637207
291,-11.8,11414,0.533411979675293,-11.8,6842,0.39629673957824707,-11.8,5754,0.392559289932251
292,-5.2,113064,6.2058398723602295,-5.1,73505,4.474548101425171,-5.1,62047,4.138619661331177
293,-10.3,27150,1.1395862102508545,-10.3,13156,0.774564266204834,-10.3,12322,0.734266996383667
294,-11.7,156908,5.6658947467803955,-11.7,82940,3.7976558208465576,-11.7,74738,3.4475972652435303
295,-13.9,13340,0.4409341812133789,-13.9,7128,0.2914104461669922,-13.9,6516,0.2642245292663574
296,-5.07,139109,4.909739017486572,-5.07,69237,3.2898483276367188,-5.07,55477,2.75927734375
297,-0.4,67866,3.2132089138031006,-0.4,33674,2.110680103302002,-0.4,27523,1.9101004600524902
298,-0.7,49827,2.633821487426758,-0.7,25136,1.7583026885986328,-0.7,19184,1.530792236328125
299,-3.3,34314,1.0579211711883545,-3.3,16934,0.7148473262786865,-3.3,13358,0.6028661727905273
300,-8.7,19087,0.5497674942016602,-9.2,13569,0.5231058597564697,-9.2,11614,0.44731831550598145
301,-4.2,74432,2.6167612075805664,-4.2,42022,1.8773608207702637,-4.2,35567,1.652228832244873
302,-11.4,13971,0.6540324687957764,-11.4,7664,0.4330878257751465,-11.4,7327,0.455425500869751
303,-11.1,33100,1.056631326675415,-11.2,9557,0.6122124195098877,-11.2,9220,0.5925190448760986
304,-6.8,7829,0.33399248123168945,-6.8,5740,0.32567572593688965,-6.8,5352,0.2904806137084961
305,-14.3,70428,2.336347818374634,-14.3,41763,1.7352442741394043,-13.9,32736,1.4942512512207031
306,-10.2,117332,4.068726539611816,-10.2,56488,2.6371850967407227,-10.2,34720,2.2501280307769775
307,-13.8,37239,1.248002290725708,-13.8,27001,1.0145795345306396,-13.8,24539,0.9637928009033203
308,-6.5,68930,4.325321912765503,-6.5,28564,2.5808560848236084,-6.5,24375,2.2729263305664062
309,-5.2,32786,3.7604246139526367,-5.2,19381,2.762526273727417,-5.2,17930,2.741569757461548
310,-7.8,94539,5.216811180114746,-7.8,48789,3.5182228088378906,-7.8,43045,3.3151509761810303
311,0.5,144381,5.352404594421387,-1.3,76289,3.600581645965576,-1.3,63468,3.164564609527588
312,0.76,94508,3.285520553588867,0.76,48406,2.1837780475616455,0.76,41548,1.9146287441253662
313,-3.7,77306,4.553730487823486,-3.7,52034,3.5843558311462402,-3.7,47561,3.3941657543182373
314,-9.6,168085,5.653707981109619,-12.0,71280,3.246483325958252,-12.0,65244,3.0872838497161865
315,-9.6,10866,0.5202100276947021,-9.6,4952,0.36568284034729004,-9.6,4647,0.31295323371887207
316,-17.2,8091,0.43273496627807617,-17.2,4790,0.30834245681762695,-17.2,4388,0.3263833522796631
317,-15.1,16785,0.5536642074584961,-15.1,10897,0.4107673168182373,-15.1,10356,0.4347991943359375
318,-9.8,51095,2.755438804626465,-9.8,31034,2.196671724319458,-9.6,23853,1.899836540222168
319,-5.0,18518,0.8884758949279785,-5.0,13630,0.6059751510620117,-5.0,11496,0.5298130512237549
320,-3.8,26672,0.8790264129638672,-3.8,12206,0.5247540473937988,-3.8,10178,0.49056077003479004
321,-6.47,52300,1.7943596839904785,-6.47,30155,1.2913177013397217,-6.47,28810,1.2979905605316162
322,-1.0,65552,2.1560587882995605,-1.0,37254,1.5732269287109375,-1.0,30290,1.291100025177002
323,-11.9,48235,1.5227138996124268,-12.3,25839,1.106346845626831,-12.3,23521,1.0090279579162598
324,-4.35,78576,3.5852181911468506,-4.35,41278,2.4766006469726562,-4.35,33562,2.2883994579315186
325,-11.8,17453,0.5646843910217285,-11.8,11122,0.42091822624206543,-11.8,10087,0.4222908020019531
326,-14.6,19959,0.6135141849517822,-14.6,10899,0.41358375549316406,-14.6,9149,0.3610250949859619
327,-11.7,6396,0.31925392150878906,-11.7,3543,0.21914124488830566,-11.7,3122,0.21211767196655273
328,-1.6,158246,6.023345947265625,-1.6,91649,4.265784502029419,-1.6,76519,3.8200204372406006
329,-2.9,101328,3.7961831092834473,-2.9,64842,2.9082260131835938,-2.9,53607,2.615525960922241
330,-6.1,153936,5.434807062149048,-6.1,80679,3.6950650215148926,-6.1,72050,3.453665256500244
331,-13.1,49229,2.4831795692443848,-13.3,25009,1.696753978729248,-13.7,24094,1.6239957809448242
332,-9.9,35924,1.05836820602417,-9.9,15696,0.668205976486206,-9.9,14057,0.6060616970062256
333,-7.2,37406,1.7429790496826172,-7.2,18116,1.2397112846374512,-7.2,13420,1.087043285369873
334,-7.61,66203,2.031578540802002,-8.8,28326,1.333817958831787,-8.8,22132,1.1059989929199219
335,-9.4,16491,0.5528285503387451,-9.4,11445,0.4782078266143799,-9.4,10196,0.40368056297302246
336,-3.9,16238,0.6504194736480713,-3.9,13894,0.5764622688293457,-3.9,10974,0.4867408275604248
337,-1.2,92906,3.1501471996307373,-1.2,53795,2.3507540225982666,-1.2,47035,2.1223974227905273
338,-10.3,89151,4.404583692550659,-10.3,49977,3.0074758529663086,-10.3,44957,2.851390838623047
339,-16.1,10986,0.3547089099884033,-16.1,7560,0.2822072505950928,-16.1,6495,0.2757291793823242
340,-3.5,116383,3.876906394958496,-3.9,27655,1.9519116878509521,-3.9,15370,1.586916446685791
341,-3.1,53893,1.827207088470459,-3.1,23656,1.0485258102416992,-3.1,19141,0.8674290180206299
342,-6.0,103038,3.4696719646453857,-6.0,61246,2.520516872406006,-6.3,55589,2.3728256225585938
343,-5.1,63257,2.156062126159668,-5.1,34667,1.5017950534820557,-5.1,16117,1.051570177078247
344,-1.2,32742,1.7119760513305664,-1.2,23111,1.3571631908416748,-1.2,22018,1.3032896518707275
345,-10.8,48895,1.6073503494262695,-10.8,15239,0.9374117851257324,-10.8,13577,0.8658409118652344
346,-8.8,136452,4.789263963699341,-8.8,67150,3.1959195137023926,-8.8,52393,2.747885227203369
347,-6.3,82910,3.8547909259796143,-7.1,44769,2.7486796379089355,-7.1,40213,2.615506649017334
348,1.18,61593,3.3300459384918213,-0.42,40157,2.566413402557373,-0.42,32448,2.312307596206665
349,-18.5,89456,2.878408432006836,-18.5,42500,1.905907154083252,-18.5,39782,1.8184874057769775
350,-4.2,49288,1.6510486602783203,-4.2,30904,1.2805402278900146,-4.2,26686,1.1273701190948486
351,-12.8,52429,2.4004642963409424,-12.8,23873,1.5410795211791992,-12.8,18722,1.3569917678833008
352,-4.7,25987,0.7444679737091064,-4.7,12206,0.4701569080352783,-4.7,10495,0.4526500701904297
353,-7.6,132823,4.329069375991821,-7.6,74626,3.1373209953308105,-7.6,67615,2.948108196258545
354,-14.3,78772,2.4593193531036377,-14.3,38506,1.6371402740478516,-14.3,29326,1.2968127727508545
355,-0.4,68897,2.4683942794799805,-1.41,41086,1.8183212280273438,-1.41,32936,1.5485451221466064
356,-9.0,122451,4.067077398300171,-9.0,19058,1.539205551147461,-9.0,18582,1.551820993423462
357,-12.1,36036,1.7650747299194336,-12.1,19119,1.2341210842132568,-12.1,17472,1.175187349319458
358,-12.5,7120,0.21387958526611328,-12.5,5258,0.19440054893493652,-12.5,4669,0.1816868782043457
359,-12.9,93469,3.278596878051758,-12.9,56542,2.4130685329437256,-12.9,49049,2.1955838203430176
360,-14.9,46814,1.4388480186462402,-14.9,26555,1.0628349781036377,-14.9,21538,0.8779327869415283
361,-25.2,63294,2.0895168781280518,-25.2,38713,1.5610747337341309,-25.2,34000,1.4795279502868652
362,-3.1,72349,4.941011190414429,-3.1,37638,3.3259639739990234,-3.1,28940,2.930835485458374
363,-6.2,60841,3.0882225036621094,-6.2,31001,2.0107080936431885,-6.2,28996,1.9573380947113037
364,1.0,38252,1.7184410095214844,0.4,20310,1.1924970149993896,0.4,18958,1.1762003898620605
365,-10.3,82855,2.6820526123046875,-10.3,45285,1.885263204574585,-10.3,38279,1.694148302078247
366,-4.4,83385,2.528229236602783,-4.4,19634,1.2088565826416016,-4.4,18164,1.1060056686401367
367,-10.3,204783,7.3796961307525635,-10.3,50104,3.576843738555908,-10.3,44542,3.3581159114837646
368,-6.4,77610,2.7245960235595703,-6.4,42199,1.917248010635376,-6.4,34588,1.5916357040405273
369,-11.5,30182,0.9176702499389648,-11.5,20589,0.7826576232910156,-11.5,18296,0.738593578338623
370,-12.4,37996,1.7607653141021729,-12.4,19502,1.2774920463562012,-12.4,18765,1.215193271636963
371,-5.1,97256,5.465768337249756,-5.1,49063,3.616474151611328,-5.1,37604,3.239431381225586
372,-2.6,14259,0.48049163818359375,-2.6,7532,0.3178598880767822,-2.6,6846,0.3256237506866455
373,-3.8,94995,3.2641029357910156,-3.8,55337,2.423999309539795,-3.8,47532,2.1554648876190186
374,-10.8,29740,1.2573020458221436,-10.8,13773,0.8219263553619385,-10.8,13171,0.7993061542510986
375,-25.0,9334,0.2684447765350342,-25.0,6357,0.259784460067749,-25.0,5698,0.21614980697631836
376,-8.9,32936,1.002655267715454,-8.9,17182,0.711310625076294,-8.9,14673,0.6318709850311279
377,-16.1,37419,1.1745333671569824,-16.1,23325,0.9146215915679932,-16.1,21238,0.8549823760986328
378,-13.1,37995,1.1187183856964111,-13.1,22852,0.8724310398101807,-13.1,19274,0.811753511428833
379,-14.2,45987,1.5771887302398682,-14.2,30105,1.2231504917144775,-14.2,28115,1.1473758220672607
380,-8.4,56710,2.8026442527770996,-8.4,26447,1.7673864364624023,-8.4,19408,1.5612072944641113
381,-11.3,146120,5.079506158828735,-11.3,70322,3.1919243335723877,-11.3,61494,2.8748602867126465
382,-5.0,27332,1.3112592697143555,-6.0,22459,0.946110725402832,-6.0,10221,0.8063271045684814
383,-1.0,66193,2.201883554458618,-1.0,32376,1.4192593097686768,-1.0,28765,1.2815086841583252
384,-5.3,17085,0.5477180480957031,-5.3,8707,0.3655838966369629,-5.3,8005,0.37386441230773926
385,-2.3,109351,3.998441219329834,-2.3,61558,2.778813123703003,-2.3,54631,2.501742362976074
386,-11.1,100307,3.4920926094055176,-11.1,61750,2.6657819747924805,-11.1,53402,2.4509665966033936
387,-0.97,20371,1.0601379871368408,-0.97,11347,0.8028421401977539,-0.97,9083,0.6617224216461182
388,-10.4,8965,0.2895686626434326,-10.4,5347,0.2068185806274414,-10.4,5032,0.1972956657409668
389,-9.47,21075,0.635613203048706,-9.47,10288,0.4657599925994873,-9.47,7183,0.3370847702026367
390,-12.6,220801,8.414901494979858,-12.6,122020,5.460824489593506,-12.6,101866,4.766762971878052
391,-17.4,44259,1.3760483264923096,-17.4,26485,1.0829029083251953,-18.9,14987,0.8670210838317871
392,-3.0,26368,0.8130230903625488,-3.0,17785,0.6773512363433838,-3.0,15463,0.612454891204834
393,-14.9,14542,0.4540431499481201,-14.9,9236,0.3472025394439697,-14.9,9274,0.3840935230255127
394,-13.2,171570,6.303471803665161,-13.2,95917,4.471605062484741,-10.0,84817,3.8864967823028564
395,-12.1,76770,2.4870452880859375,-12.1,43546,1.8398640155792236,-12.0,37949,1.6935338973999023
396,-8.0,78338,3.819714069366455,-8.0,44988,2.7289202213287354,-8.0,40070,2.6196320056915283
397,-3.7,54712,2.5064687728881836,-3.7,26148,1.7279112339019775,-3.7,22629,1.5695421695709229
398,-7.6,56041,1.9289686679840088,-7.6,28955,1.3530771732330322,-7.6,24935,1.1610891819000244
399,-11.8,33967,1.0757923126220703,-11.8,18900,0.782634973526001,-11.8,16164,0.7134265899658203
400,-11.7,30099,0.9339253902435303,-11.7,14226,0.60648512840271,-11.7,12498,0.5143170356750488
401,-7.6,39886,2.146369695663452,-7.6,44233,1.841480016708374,-7.6,36408,1.6448416709899902
402,-15.9,127714,4.587192058563232,-15.9,69981,3.0815930366516113,-15.9,64587,2.890127658843994
403,-12.1,13277,0.42638635635375977,-12.1,9665,0.3536686897277832,-12.1,8721,0.3370978832244873
404,-1.84,49550,1.4253640174865723,-1.84,25094,1.0420072078704834,-1.84,21417,0.897435188293457
405,-9.4,27597,0.8466227054595947,-9.4,17166,0.6716902256011963,-9.4,16126,0.681572437286377
406,-10.6,106835,3.702371120452881,-10.6,57300,2.467298746109009,-10.6,48685,2.2012884616851807
407,-10.5,3879,0.12144994735717773,-10.5,2289,0.10005831718444824,-10.5,2100,0.09752202033996582
408,-16.8,32922,0.9131770133972168,-16.8,19666,0.7079164981842041,-16.7,15190,0.6198856830596924
409,2.0,44166,2.24596905708313,-0.0,29467,1.8098106384277344,-0.0,23100,1.6399266719818115
410,-6.0,27227,1.2309117317199707,-6.0,16989,0.9325897693634033,-6.0,14595,0.8747291564941406
411,-20.2,15342,0.45650219917297363,-20.2,8130,0.37017250061035156,-20.2,7874,0.3470492362976074
412,-12.3,93696,3.388265609741211,-12.3,27195,1.8911330699920654,-12.0,25224,1.840717077255249
413,-5.7,120410,3.923962116241455,-5.7,54943,2.487049102783203,-5.7,42101,1.9668173789978027
414,-7.1,61318,2.1158599853515625,-7.1,38333,1.6543893814086914,-7.1,34146,1.52415132522583
415,-6.1,15419,2.3818085193634033,-6.1,8365,1.810199499130249,-6.1,24500,1.8660762310028076
416,-4.3,79960,2.5078701972961426,-4.3,44348,1.7742931842803955,-4.3,36168,1.4858946800231934
417,-16.4,3790,0.1248013973236084,-16.4,3129,0.11611366271972656,-16.4,1798,0.11289858818054199
418,-4.1,99816,3.442491054534912,-4.1,55371,2.4368696212768555,-4.1,48023,2.222074270248413
419,-7.8,51161,2.2837769985198975,-7.8,28420,1.6650879383087158,-7.8,25154,1.5748023986816406
420,-8.2,91643,3.2056827545166016,-8.8,51841,2.2650177478790283,-8.8,48113,2.1904940605163574
421,-10.7,36838,2.050936698913574,-10.7,18973,1.4787342548370361,-10.7,16767,1.3698246479034424
422,-5.0,12280,0.36305999755859375,-5.0,7841,0.31904149055480957,-5.0,6777,0.2646172046661377
423,-7.4,77696,3.9213192462921143,-7.4,40681,2.7701492309570312,-7.4,35480,2.5119614601135254
424,-10.9,22576,0.9604928493499756,-11.14,21252,0.8830389976501465,-11.14,16674,0.7389645576477051
425,-10.7,128814,4.358049631118774,-10.7,62151,2.755119562149048,-9.2,56010,2.518709421157837
426,-3.6,92340,3.167795181274414,-3.6,51395,2.331223964691162,-3.6,41825,2.1055829524993896
427,-2.2,53022,3.2464520931243896,-2.2,28981,2.275773048400879,-2.2,25388,2.135672092437744
428,-6.1,96965,3.170781373977661,-6.2,34762,2.2505180835723877,-6.1,26539,1.9555573463439941
429,0.6,90364,5.867007255554199,0.6,41880,3.964414596557617,0.6,37311,3.7749767303466797
430,-23.9,10825,0.2879183292388916,-23.9,5259,0.24722957611083984,-23.9,4082,0.1909034252166748
431,-6.0,33497,1.363168478012085,-6.0,27534,1.1260311603546143,-6.0,22757,0.9931061267852783
432,-23.0,6242,0.18630003929138184,-23.0,3947,0.15065884590148926,-23.0,3357,0.13507986068725586
433,-6.7,100940,3.6417298316955566,-6.7,54702,2.5082545280456543,-6.7,47237,2.218022584915161
434,-3.3,78033,2.8024256229400635,-3.97,22825,1.9103450775146484,-3.97,20261,1.7791993618011475
435,-11.0,69024,2.5286006927490234,-11.0,33502,1.5790085792541504,-11.0,29122,1.3781712055206299
436,-7.1,44455,1.3282856941223145,-7.2,23756,0.9443142414093018,-7.2,20432,0.8526854515075684
437,-4.8,55359,2.5071887969970703,-4.8,25090,1.5655477046966553,-4.8,20634,1.3589622974395752
438,-7.2,93131,4.685684680938721,-7.2,49605,3.2990782260894775,-6.9,34370,2.818192720413208
439,-5.3,16503,0.7701442241668701,-5.3,10358,0.566396951675415,-5.3,9575,0.5897245407104492
440,-0.2,95999,3.7001893520355225,-1.2,55739,2.6208417415618896,-1.2,44063,2.218628168106079
441,-3.4,122099,4.297518014907837,-3.4,72491,3.0661966800689697,-3.7,63482,2.7555782794952393
442,-3.7,67678,3.16546368598938,-3.7,42725,2.4446020126342773,-3.7,38254,2.3054556846618652
443,-7.8,39938,1.7296605110168457,-7.8,17375,1.0962204933166504,-7.8,15560,1.0751938819885254
444,-2.8,13954,0.5447206497192383,-2.8,10980,0.45612597465515137,-2.8,8659,0.39990806579589844
445,-8.4,166433,6.0053722858428955,-8.4,70226,3.384489059448242,-8.4,65590,3.2048499584198
446,-9.32,14954,0.4323873519897461,-9.32,9045,0.3243408203125,-9.32,8236,0.31104350090026855
447,-5.7,18335,1.1700286865234375,-6.3,12202,0.9958627223968506,-6.3,25547,1.0722947120666504
448,-9.7,62657,2.144331932067871,-9.7,32834,1.4326694011688232,-9.7,28283,1.2838263511657715
449,-6.9,47769,1.651918888092041,-6.9,26741,1.152550458908081,-6.9,23664,1.0672292709350586
450,-16.2,31552,0.9063906669616699,-16.2,13098,0.582841157913208,-16.2,10215,0.4723212718963623
451,2.6,68752,2.2918810844421387,0.9,18821,1.1949853897094727,0.9,16890,1.1062049865722656
452,-11.7,68982,2.2543094158172607,-11.7,34105,1.565605640411377,-11.7,30307,1.4052600860595703
453,1.0,88772,4.1813342571258545,1.0,69145,3.2191169261932373,1.0,53235,2.70265531539917
454,-0.04,113975,4.303416013717651,-0.04,66427,3.092832088470459,-0.04,53458,2.821133613586426
455,-17.5,25973,0.8326241970062256,-17.5,12718,0.5554969310760498,-17.5,12047,0.5019996166229248
456,-3.8,174262,6.220638275146484,-3.8,88393,4.037054777145386,-3.8,80288,3.8545846939086914
457,-17.6,8404,0.3841128349304199,-17.6,7276,0.29309844970703125,-17.6,6801,0.28279852867126465
458,-5.6,157595,5.397496938705444,-5.1,77820,3.530792474746704,-5.6,71600,3.290928363800049
459,4.3,55461,1.9114384651184082,3.7,35000,1.4829204082489014,3.7,29315,1.2946209907531738
460,-3.3,161022,5.795630216598511,-3.3,79280,3.647139310836792,-3.3,65360,3.0722885131835938
461,-24.1,5545,0.17252087593078613,-24.1,4334,0.15703344345092773,-24.1,3910,0.15279722213745117
462,-8.5,102503,5.6039886474609375,-8.5,51781,3.778165817260742,-8.5,52800,3.519758701324463
463,-3.3,77589,4.458575963973999,-3.6,51692,3.433859348297119,-3.6,71994,3.190865993499756
464,-12.0,25936,0.8045878410339355,-12.0,14557,0.5677242279052734,-12.0,11371,0.49250125885009766
465,-7.4,176936,6.9579503536224365,-7.4,110907,5.286233901977539,-7.4,96308,4.541197061538696
466,0.2,98158,3.386279821395874,0.2,47371,2.1532206535339355,0.6,39477,1.9160237312316895
467,-7.4,59537,1.8881359100341797,-7.4,32423,1.3473620414733887,-7.4,26862,1.135932207107544
468,-3.28,106380,3.967162847518921,-3.28,65646,2.932262420654297,-3.28,57514,2.6276986598968506
469,-16.6,152912,8.537373781204224,-16.6,78729,5.597879409790039,-16.6,66515,5.160081148147583
470,0.4,43464,2.3363699913024902,0.4,22746,1.6396605968475342,0.4,18490,1.4743413925170898
471,-5.1,88767,4.9932403564453125,-5.1,87607,3.9922242164611816,-5.1,75512,3.6526849269866943
472,2.6,73620,3.784200429916382,2.6,41316,2.650125741958618,2.6,32288,2.3248348236083984
473,-9.1,50951,2.2342541217803955,-9.1,26259,1.540175199508667,-9.1,17972,1.4034907817840576
474,-9.7,41232,1.35872483253479,-9.7,17192,0.7366361618041992,-9.7,16846,0.726604700088501
475,-15.3,65178,2.178330421447754,-15.4,34119,1.4864139556884766,-15.3,31247,1.4283432960510254
476,-8.3,31636,1.018301010131836,-8.3,21374,0.8959817886352539,-8.3,11601,0.7570033073425293
477,-5.6,72274,2.208092212677002,-5.6,41589,1.6966347694396973,-5.6,41360,1.6953847408294678
478,-9.4,76581,2.3794353008270264,-9.4,37894,1.6178901195526123,-9.4,32864,1.5207297801971436
479,-7.2,4722,0.28754734992980957,-7.2,2778,0.14399933815002441,-7.2,2640,0.1377577781677246
480,-17.0,12845,0.6030654907226562,-17.0,7477,0.4619112014770508,-17.0,6875,0.40622448921203613
481,-9.9,24119,0.8082218170166016,-9.9,15462,0.6156857013702393,-9.9,12639,0.5697879791259766
482,-3.4,13577,0.38603782653808594,-3.4,5660,0.27045297622680664,-3.4,5431,0.2351834774017334
483,-6.3,149044,4.970857858657837,-6.3,81735,3.5465409755706787,-6.3,66219,3.0664985179901123
484,-10.3,20217,0.9283127784729004,-10.3,12077,0.696704626083374,-10.3,11060,0.6764981746673584
485,-17.5,26482,0.8063077926635742,-17.5,13681,0.5779268741607666,-17.5,11853,0.499678373336792
486,-13.4,19337,0.6234674453735352,-13.4,11322,0.4741396903991699,-13.4,9725,0.39690542221069336
487,-6.5,61614,2.0069847106933594,-8.0,36047,1.528778076171875,-8.0,30841,1.3906021118164062
488,-3.4,92274,3.2827703952789307,-3.4,59409,2.584825038909912,-3.4,51816,2.367927312850952
489,-9.0,54763,3.1705257892608643,-9.6,27713,2.108340263366699,-9.6,22883,1.9755396842956543
490,-3.4,36721,1.8302772045135498,-3.4,16893,1.1899614334106445,-3.4,14213,1.056966781616211
491,-0.9,97478,3.3618552684783936,-0.9,32379,2.1360387802124023,-0.9,27635,2.031224012374878
492,-1.3,10958,0.5214028358459473,-1.3,5166,0.3455231189727783,-1.3,4617,0.3591430187225342
493,-1.34,161736,6.3088178634643555,-1.34,111300,5.020156145095825,-1.34,93190,4.52350115776062
494,-1.8,39814,1.3335580825805664,-1.8,24840,1.008314847946167,-1.8,20008,0.8780803680419922
495,-2.9,35237,1.183297872543335,-3.04,19355,0.8020045757293701,-3.04,17587,0.7238788604736328
496,-20.3,9106,0.2502262592315674,-20.3,5014,0.19435524940490723,-20.3,4376,0.1791682243347168
497,-4.4,25107,0.8242740631103516,-4.4,15191,0.6219041347503662,-4.4,12131,0.501420259475708
498,-13.8,28774,1.2195510864257812,-13.8,14989,0.8627710342407227,-13.8,11140,0.7400026321411133
499,-10.9,46743,1.9107153415679932,-10.9,29396,1.4369096755981445,-10.9,27070,1.3423454761505127
500,-8.7,49909,2.2617928981781006,-8.7,26426,1.6513464450836182,-8.7,19962,1.4377553462982178
501,-16.3,9636,0.28673458099365234,-16.3,6095,0.24225139617919922,-16.2,4771,0.21013307571411133
502,-6.1,89980,2.9074056148529053,-6.1,53996,2.246752977371216,-6.1,40549,1.7474143505096436
503,-0.39,86243,2.825202703475952,-0.39,40987,1.872415542602539,-0.39,32790,1.6069519519805908
504,-1.77,111411,3.7665505409240723,-1.77,60800,2.6818628311157227,-1.77,52739,2.4684576988220215
505,-7.5,121868,4.194540739059448,-7.5,66971,3.020033121109009,-7.5,60377,2.8084874153137207
506,-5.2,82950,2.6933605670928955,-5.2,47352,2.0460500717163086,-5.2,38880,1.7478859424591064
507,-19.5,7329,0.27118539810180664,-19.5,4992,0.20005559921264648,-19.5,4490,0.1959688663482666
508,-5.9,133558,4.488698720932007,-5.9,71188,3.2091007232666016,-5.9,58348,2.7951109409332275
509,-8.8,60471,2.9444963932037354,-8.8,24952,1.859835147857666,-8.7,20214,1.6725363731384277
510,-0.9,62080,3.3063971996307373,-0.9,33770,2.280352830886841,-0.9,26469,1.992358922958374
511,-12.1,74597,3.7940032482147217,-12.1,39404,2.5916502475738525,-12.1,34570,2.4273064136505127
512,-10.4,19624,0.5867342948913574,-9.6,4820,0.28443002700805664,-9.6,4535,0.27623820304870605
513,-6.0,46716,1.31294584274292,-6.0,25931,0.9849216938018799,-6.0,22381,0.8934919834136963
514,-8.0,36958,1.7089099884033203,-8.0,17950,1.1523840427398682,-8.0,15170,0.9881508350372314
515,-6.4,79590,3.624314069747925,-6.4,41069,2.4428482055664062,-6.4,34820,2.2475831508636475
516,-7.3,43321,1.2843801975250244,-7.3,27837,1.0195057392120361,-7.3,26692,1.0355865955352783
517,-9.5,9430,0.4600098133087158,-9.5,4660,0.3178086280822754,-9.5,3903,0.32418036460876465
518,-8.7,52154,1.561474323272705,-8.9,26961,1.089784860610962,-8.9,21748,0.9344582557678223
519,-4.9,51439,1.5742676258087158,-4.9,24236,1.0365426540374756,-4.9,20990,0.9091835021972656
520,-18.5,53557,1.7371771335601807,-18.5,28309,1.2096409797668457,-18.5,26515,1.1802198886871338
521,-10.1,89364,3.2231550216674805,-10.1,57219,2.5243818759918213,-10.1,52955,2.4126272201538086
522,-7.3,14324,0.46091341972351074,-7.3,7746,0.35714125633239746,-7.3,6787,0.2944223880767822
523,-8.8,41126,4.7969841957092285,-8.8,21129,3.124553918838501,-8.8,18236,3.0612709522247314
524,-10.1,98081,3.3500912189483643,-10.1,50647,2.2427725791931152,-9.8,43868,2.0026605129241943
525,-3.6,168657,6.344286203384399,-3.8,85804,4.064234972000122,-3.8,75222,3.6422462463378906
526,-13.0,102630,3.657589912414551,-13.0,57342,2.627873659133911,-13.0,47350,2.3228137493133545
527,-4.1,80968,4.833108425140381,-4.1,82558,3.8290553092956543,-4.1,65021,3.025139331817627
528,-14.1,24192,0.7228314876556396,-14.1,8907,0.4262509346008301,-14.1,7750,0.35126733779907227
529,-15.0,38834,1.246215581893921,-15.0,23194,0.9538309574127197,-15.0,21907,0.8789639472961426
530,-6.0,83230,4.346473932266235,-6.0,36925,2.5919089317321777,-6.0,35666,2.494570255279541
531,-0.3,28317,1.5096335411071777,-0.3,13400,0.9893288612365723,-0.3,11711,0.9869918823242188
532,-0.8,74024,3.959622383117676,-1.0,75570,3.3460209369659424,-1.0,25437,2.437690019607544
533,-22.4,113892,4.094343185424805,-22.4,42307,3.213996410369873,-22.4,75178,3.08052396774292
534,-4.0,74380,2.2952611446380615,-4.0,38519,1.629530429840088,-4.1,33485,1.5242908000946045
535,-11.0,51554,1.7088041305541992,-11.3,30147,1.2475900650024414,-11.3,25644,1.0855321884155273
536,-3.9,23680,0.7164762020111084,-3.9,13181,0.5677464008331299,-3.9,7065,0.46491456031799316
537,-10.2,14271,0.4325876235961914,-10.2,10265,0.3994009494781494,-10.2,9393,0.3477654457092285
538,-6.9,11728,2.2278571128845215,-6.9,6687,1.6849329471588135,-6.9,5747,1.667614221572876
539,-6.9,74255,2.5269782543182373,-6.9,39934,1.7568359375,-6.9,35435,1.6063823699951172
540,-8.7,39393,1.3346750736236572,-8.7,21521,0.9400043487548828,-8.7,20469,0.8569693565368652
541,0.26,94485,3.4996867179870605,0.26,46292,2.102503538131714,0.26,38948,1.8970792293548584
542,-4.8,102538,3.709470510482788,-4.8,55741,2.548863649368286,-5.3,41210,1.9917325973510742
543,-2.4,53321,1.6828770637512207,-2.4,20564,0.9121952056884766,-2.4,18194,0.8473858833312988
544,-12.0,45551,1.5060901641845703,-12.0,28073,1.1507701873779297,-12.0,25157,1.035437822341919
545,-2.2,77847,3.925201654434204,-2.2,71084,3.47116756439209,-2.2,33727,2.3005151748657227
546,-6.9,144769,5.400007009506226,-8.1,74194,3.496685743331909,-8.1,66622,3.2276525497436523
547,-14.7,224880,8.437096118927002,-14.7,126745,5.667073965072632,-14.7,115191,5.261842966079712
548,-9.5,100121,5.366970539093018,-9.5,50268,3.6423754692077637,-9.5,44242,3.3796722888946533
549,-9.0,5528,0.27513623237609863,-9.0,5273,0.23778247833251953,-9.0,1279,0.16515445709228516
550,-5.8,69562,2.3016059398651123,-5.8,40932,1.7155604362487793,-5.8,36526,1.5158827304840088
551,-3.6,57418,1.8734123706817627,-3.6,33943,1.4006967544555664,-3.6,29274,1.2255241870880127
552,-11.6,33842,1.686093807220459,-11.6,18298,1.24106764793396,-11.6,16380,1.200420618057251
553,-15.9,39425,1.2204301357269287,-15.9,23657,0.9275529384613037,-15.9,20918,0.8584764003753662
554,-6.8,120101,6.731034517288208,-6.8,94019,4.447510004043579,-6.8,83642,4.097870349884033
555,-8.1,15107,0.4477517604827881,-8.1,7864,0.315929651260376,-8.1,7016,0.31938982009887695
556,-4.67,109427,3.95759916305542,-4.67,61960,2.756448745727539,-4.67,54440,2.3700292110443115
557,-5.7,63186,1.8721129894256592,-5.5,32934,1.252551555633545,-5.5,30806,1.2633812427520752
558,-11.6,21983,0.6760058403015137,-11.6,13254,0.503911018371582,-11.6,11677,0.47962260246276855
559,-8.6,133167,4.333463191986084,-8.6,74410,3.199519395828247,-8.6,59296,2.666630983352661
560,-1.6,52354,2.564822196960449,-1.6,24547,1.6731677055358887,-1.6,21386,1.548614263534546
561,-8.1,19173,1.0431952476501465,-8.1,13614,0.8013095855712891,-8.1,12996,0.7806522846221924
562,-5.6,130206,4.69288182258606,-5.6,85596,3.6350982189178467,-5.6,72717,3.2447714805603027
563,-6.7,48936,2.2917966842651367,-6.7,38935,1.6080708503723145,-6.6,32730,1.4080252647399902
564,-11.0,24023,0.7442646026611328,-11.0,15752,0.5988447666168213,-11.0,15268,0.5912022590637207
565,-16.7,62130,2.1482584476470947,-16.7,32314,1.4386653900146484,-16.7,29783,1.3383212089538574
566,-8.6,68186,3.5913567543029785,-8.6,39317,2.6726934909820557,-8.6,34659,2.5521440505981445
567,-4.8,76435,4.146563291549683,-4.8,47223,3.220139503479004,-4.8,39271,2.998809576034546
568,-9.0,62033,2.1083977222442627,-9.0,36052,1.5088839530944824,-9.0,31793,1.3601579666137695
569,-12.3,73279,2.23239803314209,-12.3,33723,1.4732697010040283,-12.3,28797,1.3043677806854248
570,-5.7,29920,0.9482929706573486,-5.7,8062,0.5738399028778076,-5.7,6432,0.511110782623291
571,-12.2,13207,0.43781256675720215,-12.2,6519,0.3051114082336426,-12.2,6236,0.254122257232666
572,-12.0,9305,0.30619049072265625,-12.0,5101,0.21426749229431152,-12.0,4746,0.23055386543273926
573,-11.2,19431,0.6222422122955322,-11.2,11898,0.4644181728363037,-11.2,10639,0.46504759788513184
574,-2.5,4898,0.2210378646850586,-2.5,3624,0.18961524963378906,-2.5,4626,0.1858515739440918
575,-4.8,18555,0.5704717636108398,-4.8,10284,0.39887356758117676,-4.8,9453,0.3718717098236084
576,-0.3,85033,4.98612380027771,-1.1,85338,3.954099178314209,-1.1,72936,3.410982131958008
577,-16.3,4247,0.13749217987060547,-16.3,3558,0.1407942771911621,-16.3,3284,0.1602616310119629
578,-12.1,3884,0.17548012733459473,-12.1,2862,0.1257634162902832,-12.1,2582,0.1220254898071289
579,-15.8,10375,0.5501089096069336,-15.8,7152,0.4424762725830078,-15.9,6569,0.4355168342590332
580,-16.5,75516,2.6450114250183105,-16.5,41755,1.8798773288726807,-16.5,34104,1.5122969150543213
581,-6.1,121752,4.19776177406311,-6.1,57781,2.804327964782715,-6.1,53412,2.5880987644195557
582,-12.5,19757,0.7256484031677246,-12.5,10380,0.5763661861419678,-12.5,8047,0.4578831195831299
583,-7.0,68624,2.2615811824798584,-7.5,34333,1.486180305480957,-7.5,29831,1.3347101211547852
584,-11.4,122871,4.561731576919556,-11.4,71350,3.2939558029174805,-14.1,67169,3.1778974533081055
585,-11.1,60502,2.0237812995910645,-11.1,31058,1.358668565750122,-11.1,26417,1.172844409942627
586,-23.4,13322,0.5417354106903076,-23.4,7546,0.3970143795013428,-22.7,6860,0.4077718257904053
587,-6.5,12064,0.36557626724243164,-6.5,7425,0.2889430522918701,-6.5,6741,0.2734348773956299
588,-7.4,27383,0.8665151596069336,-7.4,13879,0.5847313404083252,-7.4,13281,0.557077169418335
589,-4.2,30604,1.5483953952789307,-4.2,19219,1.1623282432556152,-4.2,18262,1.1003820896148682
590,-6.8,99365,6.170886039733887,-7.4,51431,4.105294942855835,-7.4,45689,3.9239771366119385
591,-17.4,35912,1.2655577659606934,-17.4,18672,0.81471848487854,-17.4,14712,0.6654720306396484
592,-9.5,96749,3.231278419494629,-9.5,52825,2.2863340377807617,-9.5,46321,2.095473051071167
593,-7.1,98158,3.379518747329712,-7.1,38721,1.8375303745269775,-7.1,32045,1.5244865417480469
594,-6.9,87398,2.962500810623169,-6.9,53321,2.169480562210083,-6.9,46551,1.9778687953948975
595,-19.6,25833,1.1297152042388916,-20.3,6656,0.5394439697265625,-20.3,5881,0.46731114387512207
596,-13.5,93391,6.538418531417847,-13.5,51103,4.0966832637786865,-13.5,48239,4.09056830406189
597,-5.1,38510,1.855039358139038,-5.1,23151,1.4073765277862549,-5.1,21433,1.370671033859253
598,-7.9,12136,0.3782782554626465,-7.9,6979,0.2710123062133789,-7.9,6019,0.25034403800964355
599,-5.7,7172,0.2298417091369629,-5.7,4679,0.19563841819763184,-5.7,4195,0.17421603202819824
600,-0.8,97529,3.4290170669555664,-0.8,48266,2.208139419555664,-0.8,27053,1.9794566631317139
601,-11.9,200624,7.766309022903442,-11.9,130566,5.789991855621338,-11.9,115848,5.20684552192688
602,-6.8,140674,5.0844597816467285,-6.8,80025,3.5143842697143555,-6.2,71785,3.185204029083252
603,-9.1,88528,3.1539669036865234,-9.1,51826,2.3737998008728027,-9.1,42934,2.1401731967926025
604,-4.8,97097,5.04071569442749,-4.8,55070,3.5463197231292725,-4.8,47979,3.400468587875366
605,-5.4,97322,3.4402949810028076,-5.4,53723,2.398818254470825,-5.4,42639,2.05696964263916
606,-7.1,139645,5.008788108825684,-7.1,79178,3.6421070098876953,-7.1,69203,3.377328395843506
607,-5.9,83309,2.978576183319092,-5.9,44848,2.100578784942627,-5.9,37149,1.8133292198181152
608,-9.4,24174,0.7108297348022461,-9.4,14629,0.543377161026001,-9.4,13096,0.5006437301635742
609,-9.4,197243,7.231139421463013,-9.4,100354,4.686586856842041,-8.6,88594,4.412221670150757
610,-1.2,60393,3.630948066711426,-3.0,78821,3.1500515937805176,-3.0,72294,3.0536048412323
611,-0.4,23930,0.7936863899230957,-0.4,13244,0.5318832397460938,-0.4,11244,0.49115967750549316
612,-3.2,38381,1.1737966537475586,-3.5,21633,0.8783750534057617,-3.5,18820,0.725938081741333
613,-9.67,50737,2.415285110473633,-10.1,26247,1.6573543548583984,-10.1,20056,1.5020394325256348
614,-11.2,12819,0.5462093353271484,-11.2,11397,0.4594295024871826,-11.2,9637,0.370042085647583
615,-8.3,51313,1.7012512683868408,-8.6,22805,0.9948034286499023,-8.6,20929,0.9751789569854736
616,-2.2,107362,3.7305047512054443,-2.2,58958,2.684340238571167,-2.2,47494,2.314274311065674
617,-14.6,45706,1.4587366580963135,-14.6,23313,1.0037908554077148,-14.6,20221,0.8872530460357666
618,-12.5,61983,2.0860207080841064,-12.5,31811,1.418304681777954,-12.7,26666,1.2663965225219727
619,-13.2,168321,6.442270278930664,-13.2,99488,4.588507890701294,-12.2,82427,3.901346445083618
620,-17.3,8016,0.35548830032348633,-17.3,3480,0.24069690704345703,-17.3,3214,0.23561382293701172
621,-17.2,98440,5.835484266281128,-17.2,51144,3.8614704608917236,-17.5,50084,3.849992275238037
622,-18.0,52837,1.8759970664978027,-18.0,34428,1.4439444541931152,-18.0,29955,1.3457553386688232
623,-8.1,121716,4.31317400932312,-8.1,75940,3.3267552852630615,-8.1,68638,3.124891757965088
624,-12.0,70278,2.4692156314849854,-12.0,33809,1.5179529190063477,-12.0,27998,1.3199970722198486
625,-3.5,52929,2.963696002960205,-3.5,30965,2.1552042961120605,-3.5,33331,2.2231931686401367
626,-6.7,55159,1.8113987445831299,-6.7,27950,1.1885864734649658,-6.7,22518,0.9607045650482178
627,-2.9,8995,0.2558720111846924,-2.9,5782,0.25322818756103516,-2.9,6382,0.2559621334075928
628,-11.4,32754,1.0607895851135254,-11.4,16600,0.7231507301330566,-10.8,15547,0.6694090366363525
629,-11.7,108419,5.388345956802368,-11.7,72096,4.2130749225616455,-11.7,66106,3.9544243812561035
630,-10.3,118410,4.289721488952637,-10.3,67779,3.091614007949829,-10.4,63004,2.9854352474212646
631,-11.1,43063,2.870861768722534,-11.5,21067,1.9872181415557861,-11.5,18621,1.84116792678833
632,-5.7,17659,0.8448197841644287,-5.7,9857,0.6303009986877441,-5.7,8283,0.5775742530822754
633,-8.6,63008,2.228178024291992,-8.6,37437,1.6115937232971191,-8.6,34278,1.522709846496582
634,-11.3,5192,0.15673065185546875,-11.3,2843,0.11764264106750488,-11.3,2554,0.11748671531677246
635,-1.7,125647,4.797908782958984,-1.7,62535,3.1460540294647217,-1.7,45629,2.5931968688964844
636,-13.1,58973,1.8920998573303223,-13.1,26523,1.209235668182373,-13.1,24187,1.0254950523376465
637,-6.5,145516,5.4470436573028564,-5.5,73788,3.614626407623291,-5.5,61629,2.990647554397583
638,-12.2,18171,0.8206543922424316,-12.2,12031,0.7207834720611572,-12.2,11410,0.6742222309112549
639,-4.7,80764,4.084725379943848,-4.7,42762,2.887800455093384,-4.7,37116,2.729926586151123
640,-7.8,28473,1.1584227085113525,-7.8,13220,0.7124106884002686,-7.8,11737,0.5987648963928223
641,-10.9,90926,5.148441314697266,-10.9,51839,3.50296950340271,-10.9,47567,3.297875165939331
642,1.9,56420,2.087263822555542,1.9,34827,1.5472204685211182,1.9,28487,1.3093698024749756
643,-0.23,141212,5.533613920211792,-0.23,76494,3.6590871810913086,-0.23,63198,3.293442726135254
644,-20.8,14560,0.46201276779174805,-20.8,9848,0.37767457962036133,-20.8,8545,0.39372682571411133
645,-7.6,56170,3.0295214653015137,-7.8,29668,2.1458821296691895,-7.8,27264,2.0759501457214355
646,-8.0,37755,1.3945188522338867,-9.6,25981,1.1674647331237793,-9.6,22476,1.0199260711669922
647,-5.0,123440,4.7112343311309814,-5.0,76303,3.6765387058258057,-5.0,65771,3.286083936691284
648,-13.2,38461,1.4198784828186035,-14.4,22392,1.0478441715240479,-14.4,18241,0.8633992671966553
649,-6.2,64257,2.4370508193969727,-6.2,41276,1.860198736190796,-6.0,20977,1.4387586116790771
650,-9.2,116349,4.402230739593506,-9.2,67543,3.2117667198181152,-9.0,60448,3.0711026191711426
651,-19.0,19877,0.7104165554046631,-19.0,13774,0.5918436050415039,-19.0,12408,0.5703713893890381
652,-3.3,35467,1.750777244567871,-3.3,30072,1.401139497756958,-3.3,21728,1.0977301597595215
653,-13.5,19216,0.6055991649627686,-13.5,13703,0.5076923370361328,-13.5,11339,0.473677396774292
654,-7.8,11643,1.1876423358917236,-7.8,7871,1.013014554977417,-7.6,16510,1.0677590370178223
655,-16.3,26252,0.7598011493682861,-16.3,15848,0.5776190757751465,-16.3,13020,0.4906163215637207
656,-5.3,71113,2.444154739379883,-5.3,37140,1.659290075302124,-5.3,29727,1.6333467960357666
657,-6.6,45081,2.6375577449798584,-6.6,28341,1.9704840183258057,-6.6,25792,1.9131402969360352
658,-8.5,108616,4.17807674407959,-8.5,64232,3.094665288925171,-8.5,52300,2.6114063262939453
659,1.3,47015,1.7765064239501953,1.3,27746,1.1785740852355957,1.3,23576,1.0329546928405762
660,0.69,103298,3.6436233520507812,0.69,48019,2.3454818725585938,0.69,38221,1.9440851211547852
661,-20.7,12762,0.7114346027374268,-20.7,7015,0.47272729873657227,-20.7,6920,0.4233100414276123
662,-2.7,31435,1.5042905807495117,-2.7,20421,1.2687370777130127,-2.7,17716,1.1698565483093262
663,-8.5,61656,3.852725028991699,-8.5,31419,2.5534307956695557,-8.5,29706,2.5104992389678955
664,-7.0,64221,3.5596611499786377,-7.0,37786,2.7371857166290283,-7.0,30517,2.6051089763641357
665,-4.3,68238,2.488445520401001,-4.3,36169,1.6091902256011963,-4.3,26375,1.3023760318756104
666,-8.1,36657,1.6578929424285889,-8.1,23019,1.243574857711792,-8.1,21429,1.2345595359802246
667,-14.8,16714,0.6205646991729736,-14.8,11952,0.5031797885894775,-14.8,11389,0.48796725273132324
668,-14.6,144101,5.3187220096588135,-14.6,77086,3.691321849822998,-14.6,67167,3.1884350776672363
669,-10.2,116865,4.592668294906616,-10.2,68838,3.2920804023742676,-10.2,60304,3.0460495948791504
670,-8.2,52578,1.955317497253418,-8.3,26154,1.250476598739624,-8.3,23279,1.1829936504364014
671,-9.9,137736,7.693563461303711,-9.9,43896,4.150575637817383,-9.3,35316,3.6835334300994873
672,-3.7,59220,2.0452065467834473,-3.7,35502,1.5669655799865723,-3.7,29707,1.3418688774108887
673,-9.1,36725,1.2574975490570068,-9.1,22282,0.9426822662353516,-9.1,20805,0.9150619506835938
674,-9.3,5143,0.15472626686096191,-9.3,3664,0.141143798828125,-9.3,3611,0.14421439170837402
675,-2.4,33003,2.2356014251708984,-4.2,38802,1.8052699565887451,-4.2,32371,1.5734386444091797
676,-3.8,56258,3.042461395263672,-3.8,50652,2.349156141281128,-3.8,37674,1.8459630012512207
677,-3.61,16394,0.5258071422576904,-3.9,11145,0.42456817626953125,-3.9,7615,0.3055720329284668
678,-11.4,171465,7.112767457962036,-11.4,63398,4.098849296569824,-11.4,57018,3.7974681854248047
679,-13.0,70713,2.547098159790039,-13.0,49554,2.156073570251465,-13.0,45503,2.0133349895477295
680,-15.1,26328,0.917741060256958,-15.1,15366,0.6827404499053955,-15.1,12148,0.5661225318908691
681,-11.0,39048,1.2377409934997559,-11.0,23605,0.9629125595092773,-11.0,21810,0.8976199626922607
682,-8.6,104515,4.014046669006348,-11.3,66528,3.253706216812134,-11.3,60731,3.008373498916626
683,-12.3,83871,4.6458916664123535,-12.8,50247,3.453584909439087,-12.8,45372,3.2532947063446045
684,-3.0,120436,4.474357604980469,-3.0,63273,3.0350160598754883,-3.4,51153,2.4805662631988525
685,-6.1,24587,0.8462176322937012,-6.1,7458,0.5181634426116943,-6.1,5971,0.42490291595458984
686,-6.1,74613,4.181140422821045,-6.1,38083,2.867093801498413,-6.2,34804,2.7284862995147705
687,-3.2,37879,2.390826940536499,-4.5,42599,1.936044692993164,-4.5,34401,1.6142816543579102
688,-5.7,103332,3.7861855030059814,-5.7,47272,2.4058310985565186,-5.7,34548,1.846393346786499
689,-3.6,30775,4.258343696594238,-4.1,56357,3.90735125541687,-4.1,49943,3.6586904525756836
690,-9.1,115649,4.551588535308838,-9.1,66309,3.2413036823272705,-9.1,58797,2.9503672122955322
691,-3.7,11123,2.1080844402313232,-3.7,18914,1.5128097534179688,-3.7,18017,1.464674711227417
692,-10.1,67058,3.3409554958343506,-10.1,32680,2.3492915630340576,-10.1,24328,2.0436043739318848
693,-13.7,26572,0.8895776271820068,-13.7,15957,0.6852986812591553,-13.7,13702,0.6307730674743652
694,-8.8,83270,2.7104783058166504,-8.8,44440,2.004843235015869,-8.8,35380,1.7257952690124512
695,-8.4,4704,0.25723719596862793,-8.4,3739,0.19814276695251465,-8.4,3465,0.20654749870300293
696,-12.8,41610,1.9740896224975586,-12.8,24625,1.5592219829559326,-12.8,23739,1.5203180313110352
697,-4.6,144977,5.250144958496094,-4.6,70125,3.3415334224700928,-4.6,55481,2.718750476837158
698,-13.5,148603,5.516846179962158,-13.5,67297,3.416127920150757,-12.7,54510,2.82791805267334
699,-1.7,56642,2.0289063453674316,-1.7,31157,1.5020191669464111,-1.7,29417,1.4055240154266357
700,-6.8,83682,3.013746738433838,-6.8,43476,2.089183807373047,-6.8,36725,1.8536226749420166
701,-15.0,156944,5.612483739852905,-15.0,82510,3.9806106090545654,-14.7,73202,3.807091474533081
702,-9.1,85612,2.8298516273498535,-9.1,36704,1.7683475017547607,-9.1,32467,1.5573101043701172
703,-7.7,47160,1.6381638050079346,-7.7,23095,1.045161485671997,-7.7,20472,0.993964433670044
704,-6.6,31815,1.473506212234497,-6.6,20364,1.1609420776367188,-6.6,19612,1.0949122905731201
705,-1.0,48428,1.5670218467712402,-1.0,22879,1.034419298171997,-1.0,19511,0.8696329593658447
706,-11.6,5134,3.3385705947875977,-11.6,2564,2.0532217025756836,-11.6,2301,2.0202436447143555
707,-9.0,101211,3.6414103507995605,-9.0,63085,2.818624496459961,-8.7,57722,2.6845028400421143
708,-1.7,61698,2.1935362815856934,-1.7,33619,1.5073142051696777,-1.7,26633,1.2900424003601074
709,-5.5,91010,3.209848642349243,-5.5,42005,1.9578709602355957,-5.5,35396,1.7667341232299805
710,-5.0,120961,4.671028137207031,-5.0,59484,2.9873223304748535,-5.0,48337,2.4857561588287354
711,-9.5,12119,0.470883846282959,-9.7,8553,0.34830141067504883,-9.7,8078,0.37083911895751953
712,-10.9,28951,0.9764726161956787,-10.9,20320,0.8842587471008301,-10.9,17908,0.7800319194793701
713,-7.8,75690,2.9482343196868896,-7.8,48320,2.230177402496338,-7.8,40073,1.9250478744506836
714,-8.7,83687,2.9166250228881836,-8.7,38852,1.8155791759490967,-8.7,31445,1.5720131397247314
715,-7.5,153779,6.3620710372924805,-7.5,40715,3.8478012084960938,-7.5,32074,3.52546763420105
716,-10.0,48151,1.674222469329834,-10.0,31625,1.376997709274292,-10.0,26924,1.1970727443695068
717,-13.9,31694,1.5146751403808594,-13.9,17674,1.0795862674713135,-13.9,15552,1.0315134525299072
718,-11.9,104454,3.7286324501037598,-11.9,60922,2.7758867740631104,-11.9,51152,2.4173057079315186
719,-13.2,193767,7.996795892715454,-13.2,122328,5.974374055862427,-13.2,111947,5.499562501907349
720,1.83,49753,1.8379204273223877,1.83,33893,1.4249937534332275,1.83,27036,1.2411861419677734
721,-4.6,35288,1.4822168350219727,-5.3,26983,1.191303014755249,-5.3,23838,1.0897934436798096
722,-8.9,53668,1.9158554077148438,-8.9,29940,1.2972922325134277,-8.9,28938,1.251969337463379
723,-1.8,146501,6.022895574569702,-1.8,85478,4.321268796920776,-1.8,69960,3.795389413833618
724,-14.9,58996,2.059272050857544,-14.9,37915,1.6444811820983887,-14.9,34050,1.5528690814971924
725,-13.4,114862,4.117377042770386,-13.4,65857,3.035245418548584,-13.4,58746,2.8097307682037354
726,-14.1,19942,0.7283134460449219,-14.1,12475,0.5252108573913574,-14.1,12202,0.539426326751709
727,-5.5,24530,1.2244207859039307,-5.5,15668,0.9847288131713867,-5.5,14221,0.9635105133056641
728,-17.3,9742,0.3012716770172119,-17.3,6534,0.2624366283416748,-17.3,5862,0.24602222442626953
729,-5.2,112508,4.49732232093811,-6.6,62745,3.078019142150879,-6.6,49096,2.518089771270752
730,-17.9,8991,0.27374839782714844,-17.9,5622,0.26262998580932617,-17.9,4692,0.20932292938232422
731,-9.0,66213,2.444045305252075,-9.0,38553,1.763819932937622,-9.0,34928,1.6264500617980957
732,-20.1,15539,0.492861270904541,-20.1,5590,0.25209617614746094,-20.1,7060,0.32165002822875977
733,-7.5,145127,5.509064435958862,-7.5,75132,3.645418167114258,-7.5,66651,3.3477940559387207
734,-10.5,19306,0.9216632843017578,-10.5,10812,0.7270739078521729,-10.5,10048,0.6886944770812988
735,-23.0,14633,0.4711320400238037,-23.0,9430,0.4238624572753906,-23.0,7892,0.3485846519470215
736,-9.7,134480,5.281218528747559,-9.7,77603,3.748880624771118,-9.7,71003,3.5010595321655273
737,-4.6,27408,0.9342737197875977,-4.6,16527,0.6942188739776611,-4.6,14133,0.5916242599487305
738,-1.4,49299,1.7210273742675781,-1.4,26481,1.12398362159729,-1.4,24451,1.0826301574707031
739,-4.9,66996,2.084108352661133,-4.9,29397,1.336103916168213,-4.9,25854,1.2518949508666992
740,-6.3,142351,5.278776168823242,-6.3,90080,4.0711119174957275,-6.3,76647,3.6463003158569336
741,-7.1,34977,1.2256369590759277,-7.4,23530,0.9892385005950928,-7.4,21830,0.992509126663208
742,-10.4,31306,0.9823360443115234,-10.4,20222,0.8279056549072266,-10.4,18788,0.9310181140899658
743,-2.5,72141,3.7908782958984375,-1.8,9273,2.4533073902130127,-2.5,31107,2.3943490982055664
744,-13.8,34852,1.1826858520507812,-13.8,18815,0.8214006423950195,-13.8,15492,0.7199392318725586
745,-10.3,128113,5.47777247428894,-10.3,85415,4.1527040004730225,-10.3,79090,3.9335269927978516
746,-1.9,60852,3.144634246826172,-3.9,33035,2.2193658351898193,-3.9,26502,2.038219690322876
747,-4.2,55711,3.4900760650634766,-4.2,36142,2.7410330772399902,-4.1,32236,2.58347487449646
748,-3.4,60643,3.921508550643921,-3.4,32684,2.649200677871704,-3.4,26831,2.3960866928100586
749,-3.1,170692,7.304196119308472,-3.1,98271,5.061676979064941,-3.1,81385,4.540750741958618
750,-5.3,30755,1.566411018371582,-5.3,12039,0.9591004848480225,-5.3,10922,0.9226894378662109
751,-1.3,58130,4.111345291137695,-3.1,26353,2.5169243812561035,-3.1,18774,2.191208600997925
752,-8.4,51322,1.9360954761505127,-8.4,32539,1.398927927017212,-8.4,29861,1.3357727527618408
753,-4.8,23174,0.7862236499786377,-4.8,12807,0.5907611846923828,-4.8,9815,0.43915677070617676
754,-0.28,90598,3.387190580368042,-0.28,45905,2.210695743560791,-0.28,36430,1.8815944194793701
755,-12.1,61478,2.2820775508880615,-12.1,29407,1.49924635887146,-12.1,22628,1.192354440689087
756,-2.1,98221,2.9792349338531494,-2.1,53905,2.2688422203063965,-2.1,49618,2.215212821960449
757,-18.6,34766,1.1387782096862793,-18.4,21085,0.8903613090515137,-18.6,17901,0.8076961040496826
758,-12.9,77728,2.59271240234375,-12.9,43928,1.9760551452636719,-12.9,38680,1.8514292240142822
759,-5.1,54817,1.9612736701965332,-6.4,28601,1.2899534702301025,-6.4,22972,1.0791728496551514
760,-8.1,111311,6.01064395904541,-8.1,59376,4.2219624519348145,-8.1,48423,3.618422508239746
761,-2.3,53713,3.334256410598755,-2.3,29651,2.331042766571045,-2.3,41744,2.159127950668335
762,-3.0,29113,1.539332389831543,-3.0,14436,1.0068957805633545,-3.0,12175,0.9301400184631348
763,-16.8,57875,1.8953015804290771,-16.9,22307,1.3332040309906006,-16.9,20122,1.1196556091308594
764,-9.1,185904,7.234600305557251,-9.1,107391,5.221704006195068,-9.1,89569,4.2677295207977295
765,-25.5,22829,0.7161111831665039,-25.5,12809,0.5397565364837646,-25.5,11857,0.4965095520019531
766,-3.2,27341,4.034695863723755,-3.2,28603,2.5374655723571777,-3.2,25411,2.389463186264038
767,-7.1,63921,3.7738842964172363,-7.1,38346,2.9580495357513428,-7.1,29690,2.6610705852508545
768,-12.9,11056,0.37985968589782715,-12.9,7053,0.2982776165008545,-12.9,3868,0.20690155029296875
769,-5.2,79180,3.0190281867980957,-5.2,44792,2.085871696472168,-5.2,40713,1.9633772373199463
770,-1.5,100369,3.8780293464660645,-1.5,55925,2.754847526550293,-0.8,44067,2.320404052734375
771,-6.4,110734,4.1632702350616455,-6.4,58571,2.8155646324157715,-6.4,49341,2.553978204727173
772,-7.3,24824,0.789121150970459,-7.3,11518,0.5261831283569336,-7.3,9005,0.4177718162536621
773,-1.7,81465,5.289594650268555,-2.8,72309,3.6851203441619873,-2.8,62001,3.20859956741333
774,-0.0,70534,2.5100739002227783,-0.0,39470,1.7655951976776123,-0.0,36185,1.6621143817901611
775,-4.4,34104,1.1461329460144043,-4.4,18833,0.8248670101165771,-4.4,17646,0.7869577407836914
776,-6.2,85840,3.4364945888519287,-6.2,49948,2.4912006855010986,-6.2,43682,2.352384090423584
777,-12.9,63891,2.2681050300598145,-12.9,31927,1.5113518238067627,-12.9,28237,1.3276023864746094
778,-9.6,13679,0.7830092906951904,-9.6,8809,0.5958218574523926,-9.6,8347,0.5785939693450928
779,-6.9,125960,4.688338041305542,-6.9,78421,3.633178949356079,-6.9,64906,3.0868401527404785
780,-3.2,24292,0.8622665405273438,-3.2,15972,0.6954746246337891,-3.2,13179,0.5537316799163818
781,-10.7,9739,0.519038200378418,-10.9,5034,0.35082387924194336,-10.9,4661,0.3547048568725586
782,-3.8,76332,2.725679874420166,-3.8,36017,1.7318346500396729,-3.8,34375,1.6967082023620605
783,-15.6,13305,0.4329507350921631,-15.6,9153,0.3684260845184326,-15.6,8376,0.38593578338623047
784,-21.7,4462,0.1517932415008545,-21.7,3622,0.14571380615234375,-21.7,3414,0.13623404502868652
785,-4.6,20627,3.2004034519195557,-3.9,20390,2.0576319694519043,-3.9,23221,1.9812660217285156
786,0.6,47829,1.6870779991149902,0.6,25901,1.1954753398895264,0.6,23023,1.0920050144195557
787,-4.3,36735,1.2200894355773926,-4.3,17979,0.8167312145233154,-4.3,17483,0.7964894771575928
788,-6.3,56330,2.1314597129821777,-6.0,32366,1.559260368347168,-6.0,26066,1.3646900653839111
789,-7.1,7467,0.3388848304748535,-7.1,6330,0.3101327419281006,-7.1,6025,0.2658395767211914
790,2.5,78783,3.0990586280822754,1.4,47220,2.2464325428009033,1.4,39066,1.9979732036590576
791,-12.9,53394,3.355111837387085,-14.1,29160,2.5098116397857666,-14.1,27366,2.330726385116577
792,-7.0,25936,0.8903360366821289,-7.0,17268,0.7023873329162598,-7.0,15599,0.6244134902954102
793,-14.4,2753,0.13524079322814941,-14.7,1783,0.14476871490478516,-15.0,2310,0.11034536361694336
794,-10.8,120169,4.743268013000488,-10.8,54589,2.7783334255218506,-10.8,48602,2.5611572265625
795,-23.3,8501,0.43986082077026367,-23.3,5395,0.3923966884613037,-23.3,4758,0.3688035011291504
796,-11.1,181366,7.238046884536743,-11.1,88473,4.5695481300354,-11.1,76777,4.125290632247925
797,-8.4,18751,0.9761946201324463,-8.4,11416,0.7818048000335693,-8.4,10775,0.7695012092590332
798,-8.8,29596,1.0367145538330078,-8.8,10644,0.5702946186065674,-8.8,9033,0.4369783401489258
799,-10.5,38724,1.2583727836608887,-10.5,22056,0.8972163200378418,-10.5,20620,0.8902270793914795
800,2.1,41627,1.5105810165405273,2.1,22497,1.027449131011963,2.1,19292,0.895747184753418
801,-6.2,89207,4.475407838821411,-6.3,68004,3.571418523788452,-6.3,54118,2.968118906021118
802,-8.9,186287,7.726804494857788,-8.9,112588,5.712986469268799,-8.9,99006,5.103763818740845
803,-8.8,28509,3.3899683952331543,-8.8,31243,2.269775867462158,-8.8,28819,2.192317008972168
804,-6.8,33169,1.6174490451812744,-7.6,20451,1.2474644184112549,-7.6,17185,1.131056785583496
805,-6.1,102427,3.5491437911987305,-6.1,60348,2.540865898132324,-6.1,52981,2.2759644985198975
806,-5.2,95047,6.044349670410156,-6.5,51914,4.119858026504517,-6.5,40690,3.722862720489502
807,-5.9,12414,0.6434674263000488,-5.9,7391,0.48424386978149414,-5.9,6206,0.4930000305175781
808,-7.0,94586,5.8772292137146,-7.0,51615,3.97271466255188,-7.0,42652,3.6547505855560303
809,-3.7,150262,5.852782487869263,-3.7,81287,4.02679967880249,-3.7,66405,3.4333975315093994
810,-10.4,130269,5.21157169342041,-10.4,66346,3.351903200149536,-10.4,56734,2.920009136199951
811,-0.6,37827,2.2940707206726074,-0.6,21938,1.728792428970337,-0.6,19764,1.6679346561431885
812,-8.3,66924,2.4872775077819824,-8.3,39256,1.753037929534912,-8.3,34504,1.5218935012817383
813,-4.1,43940,2.289546489715576,-4.1,26442,1.7778172492980957,-4.1,23373,1.6893103122711182
814,-2.0,108754,4.3306427001953125,-2.3,53224,2.7807061672210693,-2.3,44963,2.314683437347412
815,-11.0,82659,3.107659101486206,-11.0,46132,2.176563262939453,-10.9,25548,1.8920679092407227
816,-18.1,69170,3.3190290927886963,-18.1,40293,2.39406156539917,-18.1,33945,2.1270318031311035
817,-6.1,151691,5.4916205406188965,-6.4,81531,3.7849843502044678,-7.7,74679,3.565584659576416
818,-4.9,21778,1.128129243850708,-4.9,21806,1.0031938552856445,-4.9,16104,0.7796523571014404
819,-12.1,59797,3.273556709289551,-12.1,31406,2.1132001876831055,-12.1,28569,1.992920160293579
820,-2.8,51349,2.4984259605407715,-2.8,21259,1.6039350032806396,-2.8,20525,1.5452382564544678
821,-5.4,74878,4.1989171504974365,-5.4,31389,2.494234561920166,-5.4,28731,2.3987648487091064
822,-11.8,69531,4.645878076553345,-13.5,26496,2.6547839641571045,-13.5,22891,2.4881441593170166
823,-8.5,6725,0.31609654426574707,-8.5,6947,0.3078343868255615,-8.5,5989,0.2646639347076416
824,-6.7,44562,1.5067031383514404,-6.7,24545,1.0668072700500488,-6.7,24425,1.0945615768432617
825,-12.69,20264,0.863295316696167,-12.69,9874,0.598853588104248,-12.69,8534,0.519050121307373
826,-18.9,28002,1.474219560623169,-18.9,16942,1.03940749168396,-18.9,13843,0.988849401473999
827,-13.9,43069,1.4035296440124512,-13.9,26407,1.098412036895752,-13.9,22859,1.0042288303375244
828,-1.7,74843,2.7818055152893066,-1.7,47694,2.16776442527771,-1.7,40786,1.8673648834228516
829,-3.6,51102,1.834294080734253,-3.6,24893,1.1904306411743164,-3.6,19334,0.9791398048400879
830,-7.37,105653,3.8762598037719727,-7.37,56734,2.5976006984710693,-7.37,20092,1.9396965503692627
831,-6.7,5827,0.2176494598388672,-6.7,2950,0.1305384635925293,-6.7,2320,0.12229275703430176
832,-7.7,14710,0.48224306106567383,-7.9,7580,0.33333730697631836,-7.9,6936,0.32290077209472656
833,-17.8,56207,1.7778544425964355,-17.8,25440,1.0822515487670898,-17.8,21715,0.9696900844573975
834,-1.1,29251,1.3685531616210938,-1.2,15035,0.9803981781005859,-1.2,14369,0.9456171989440918
835,-21.7,57127,2.026956796646118,-21.7,35700,1.5761983394622803,-21.7,25899,1.1367762088775635
836,-6.9,28543,1.6946566104888916,-6.9,21267,1.4118292331695557,-6.9,19565,1.331810712814331
837,-11.2,40205,1.3862695693969727,-11.2,20624,0.953394889831543,-11.2,16840,0.8172900676727295
838,-11.5,35279,1.5577778816223145,-11.5,22341,1.2318031787872314,-11.0,5449,1.3018300533294678
839,-8.9,34297,1.1065142154693604,-8.9,20928,0.8259127140045166,-8.9,19024,0.7843716144561768
840,-5.6,83944,5.491513729095459,-5.6,38270,3.518545389175415,-5.6,33798,3.4657506942749023
841,-7.9,34006,1.410017728805542,-7.9,20377,1.1675078868865967,-7.4,16944,1.078718900680542
842,-10.1,31776,1.1682379245758057,-10.1,20028,0.8928244113922119,-10.1,17115,0.7785243988037109
843,-6.5,71311,2.6621603965759277,-6.5,39215,1.8465757369995117,-6.5,35171,1.656550407409668
844,-13.1,36853,4.80979585647583,-13.1,41883,3.769157886505127,-13.1,34312,3.409107208251953
845,-1.6,34694,2.0399773120880127,-1.6,17428,1.4533147811889648,-1.6,11239,1.235732078552246
846,-9.9,37192,1.239400863647461,-9.9,20143,0.8612194061279297,-9.9,15825,0.7142512798309326
847,-9.2,155636,6.171505928039551,-9.2,83096,4.165637016296387,-9.2,66732,3.4446158409118652
848,-6.3,9323,0.48137354850769043,-6.3,5301,0.3193221092224121,-6.3,4682,0.35153889656066895
849,-17.0,40399,1.3687679767608643,-17.0,23012,0.9793882369995117,-16.6,19679,0.9187495708465576
850,-0.5,123950,5.022848606109619,-1.0,81653,4.025782108306885,-1.0,75163,3.803335666656494
851,-13.2,42482,1.5064845085144043,-13.2,25788,1.0936923027038574,-13.2,20269,0.9853951930999756
852,-13.3,69027,2.6371355056762695,-13.3,40663,1.8981132507324219,-13.3,34996,1.6726713180541992
853,-8.9,79676,4.691436052322388,-8.9,49302,3.449894666671753,-8.9,44109,3.196720600128174
854,-1.8,53561,1.8067388534545898,-1.8,31097,1.3205287456512451,-1.8,28327,1.1843957901000977
855,-9.1,14505,0.7145264148712158,-9.1,15100,0.6335446834564209,-9.1,13397,0.5866725444793701
856,-11.0,105944,3.93770694732666,-11.2,52060,2.5452229976654053,-11.2,41254,2.0912346839904785
857,-9.3,131289,5.220116853713989,-9.3,75269,3.702996015548706,-9.3,66158,3.2990469932556152
858,-7.4,71330,2.582080841064453,-10.5,37134,1.7883515357971191,-11.1,29631,1.5183746814727783
859,-3.04,28234,0.9247791767120361,-3.04,11130,0.5394656658172607,-3.04,9409,0.46608424186706543
860,-10.1,60162,2.105466365814209,-10.1,38918,1.6730735301971436,-10.1,30509,1.4549527168273926
861,-5.1,73816,3.862579345703125,-5.1,46822,2.8204500675201416,-5.1,42726,2.6390175819396973
862,-13.0,19679,0.6264512538909912,-13.0,8105,0.3688359260559082,-13.0,7436,0.34350109100341797
863,-14.3,14895,0.7368736267089844,-14.3,10017,0.5720052719116211,-14.3,9749,0.5384604930877686
864,-5.8,112388,4.373938083648682,-5.8,64722,3.053339958190918,-5.8,53970,2.5813136100769043
865,-5.8,48349,1.690290927886963,-6.2,29769,1.2742326259613037,-6.2,22945,1.0034162998199463
866,-12.7,56521,2.003021001815796,-13.4,33920,1.5082366466522217,-13.4,28593,1.3086533546447754
867,-5.7,76909,2.8251845836639404,-5.7,47276,2.1704795360565186,-5.7,36500,1.7942893505096436
868,-14.4,13503,0.38291454315185547,-14.4,6592,0.3037881851196289,-14.4,5350,0.25211596488952637
869,-4.2,60474,3.3459432125091553,-4.2,37875,2.6043965816497803,-4.2,34282,2.4871737957000732
870,2.2,114018,4.3893749713897705,2.2,72934,3.3998208045959473,2.2,61305,2.934030532836914
871,-8.6,37443,1.1921231746673584,-8.6,24608,0.9940333366394043,-8.3,19992,0.8901193141937256
872,-3.6,117591,4.695852994918823,-3.6,62840,3.2202374935150146,-3.6,54096,2.9126791954040527
873,-11.4,57670,1.852811336517334,-11.4,29634,1.312833309173584,-11.4,26255,1.239896297454834
874,-2.94,22454,1.1737265586853027,-3.6,9388,0.7028803825378418,-3.6,8991,0.6457395553588867
875,-17.7,17484,0.853708028793335,-17.7,11959,0.6743226051330566,-17.7,11617,0.686368465423584
876,-8.9,44495,2.2454590797424316,-8.9,32471,1.6239957809448242,-8.9,27830,1.461855411529541
877,-17.8,29963,1.0609006881713867,-17.8,17050,0.7513282299041748,-17.8,14469,0.6619412899017334
878,-20.7,2558,0.08990120887756348,-20.7,2023,0.08357357978820801,-20.7,1862,0.07925605773925781
879,-7.1,81051,5.263855934143066,-7.1,45924,3.635653018951416,-7.1,41139,3.3822858333587646
880,-4.6,2451,0.32520079612731934,-4.6,4405,0.26891183853149414,-4.4,6316,0.2567708492279053
881,-8.8,41417,1.4442229270935059,-8.8,25174,1.093235969543457,-8.8,19706,0.8799457550048828
882,-6.8,34029,1.2664294242858887,-6.8,17526,0.8158657550811768,-6.8,14451,0.6775503158569336
883,-11.3,52239,1.818983793258667,-11.3,25988,1.2009918689727783,-11.3,21620,1.013291358947754
884,-6.6,81258,4.08781886100769,-6.6,36588,2.6176509857177734,-6.6,29613,2.393018960952759
885,-12.1,60829,2.211630344390869,-12.1,30523,1.4745724201202393,-12.1,27592,1.3257122039794922
886,-7.7,63141,4.1542840003967285,-7.7,33944,2.7382054328918457,-7.7,28660,2.541995048522949
887,-6.0,25736,1.1496353149414062,-6.0,13109,0.7629992961883545,-6.0,11744,0.7224338054656982
888,-4.6,13770,0.4228670597076416,-4.6,7536,0.350661039352417,-4.6,6357,0.2830069065093994
889,-4.6,48998,2.7793710231781006,-4.6,21752,2.0050361156463623,-4.6,19785,1.926426887512207
890,0.9,33425,1.1632461547851562,0.9,21703,0.9054503440856934,0.9,18552,0.7934443950653076
891,-7.2,113633,6.3462889194488525,-7.2,59435,4.273109436035156,-7.2,50466,3.88212251663208
892,-3.0,66262,3.964327812194824,-3.0,66700,3.231245517730713,-3.0,57693,2.913418769836426
893,-10.0,10649,0.3936924934387207,-10.0,6125,0.26886868476867676,-10.0,5088,0.2285444736480713
894,-4.3,30479,1.043710708618164,-4.3,18199,0.770322322845459,-4.3,14794,0.6657764911651611
895,-5.1,80744,4.4644927978515625,-5.9,71739,3.4829554557800293,-5.9,62652,3.0957579612731934
896,-0.18,47406,1.7007648944854736,-0.18,25141,1.16275954246521,-0.18,22412,1.0024371147155762
897,-20.0,18528,0.6419062614440918,-20.0,11249,0.5049881935119629,-20.0,5857,0.39730286598205566
898,-2.4,74068,2.7199385166168213,-2.4,33305,1.587827444076538,-2.4,28343,1.4050076007843018
899,-5.6,39192,2.726790428161621,-5.6,19692,1.6827821731567383,-6.7,18909,1.5509130954742432
900,-11.9,42068,2.593191385269165,-11.9,26782,1.9786758422851562,-11.9,21874,1.708184003829956
901,-10.2,26169,0.8073675632476807,-10.2,13760,0.6180503368377686,-10.2,11400,0.5243000984191895
902,-13.8,11791,0.551527738571167,-13.8,7184,0.4580235481262207,-13.8,6873,0.3997993469238281
903,-5.7,22426,1.0733153820037842,-5.7,12184,0.7705123424530029,-5.7,9311,0.6828923225402832
904,-7.4,120838,4.3647682666778564,-6.7,57014,2.6326770782470703,-6.7,50336,2.3905537128448486
905,0.1,91758,3.46279239654541,0.1,48970,2.4107954502105713,0.1,38773,2.192680597305298
906,-10.9,42288,2.376779794692993,-10.9,18641,1.4267852306365967,-10.9,15415,1.2681293487548828
907,-6.2,34691,2.1987411975860596,-6.2,16578,1.5492675304412842,-6.2,14775,1.3971874713897705
908,-6.1,82789,4.596860408782959,-6.1,43511,3.068955659866333,-6.1,40823,3.0046045780181885
909,-3.5,30374,0.9626824855804443,-3.5,16948,0.7136423587799072,-3.5,15447,0.6774446964263916
910,-9.6,86185,5.480623722076416,-9.6,48918,3.752067804336548,-9.6,45774,3.59877347946167
911,-16.3,16549,0.5692269802093506,-16.3,10496,0.41112804412841797,-16.3,9109,0.40198278427124023
912,-3.3,22984,1.5533170700073242,-3.3,25954,1.2230615615844727,-3.3,23966,1.1432085037231445
913,-10.7,52075,3.2122762203216553,-10.7,33112,2.522981643676758,-10.7,29056,2.398498773574829
914,-8.1,20252,1.0634527206420898,-8.1,12514,0.8396410942077637,-8.1,12141,0.8118598461151123
915,-7.7,144030,5.264324903488159,-7.7,78735,3.650853157043457,-7.0,75235,3.545919418334961
916,-19.6,71327,2.503706216812134,-19.6,47358,1.9877877235412598,-19.6,41063,1.754908561706543
917,-6.7,111271,4.400982856750488,-6.7,56295,2.786890745162964,-6.7,51104,2.547870397567749
918,-15.3,34798,1.2150566577911377,-15.3,20101,0.871880292892456,-15.3,12567,0.7791411876678467
919,-10.2,15698,0.6528165340423584,-10.2,7156,0.43017053604125977,-10.2,6376,0.4147615432739258
920,-11.5,13512,0.4429292678833008,-11.5,7056,0.29596614837646484,-11.5,5879,0.27568626403808594
921,-14.1,13574,0.40366220474243164,-14.1,7006,0.29189205169677734,-14.1,5574,0.2453751564025879
922,-3.4,81538,3.092315912246704,-3.4,41362,2.0692636966705322,-3.4,33028,1.77597975730896
923,-14.2,21026,0.7132389545440674,-14.2,10155,0.4312753677368164,-14.2,9396,0.4493377208709717
924,-7.7,53980,1.839298963546753,-7.7,29800,1.3798987865447998,-7.7,23768,1.1171541213989258
925,-7.3,20469,1.113997459411621,-7.3,11624,0.8320014476776123,-7.3,10706,0.7795641422271729
926,3.5,53738,3.082548141479492,3.5,20080,1.9265968799591064,3.5,15195,1.6428031921386719
927,-1.67,5192,3.69999623298645,-1.67,2792,2.408017635345459,-1.67,2451,2.375844955444336
928,-5.9,97967,3.7460920810699463,-5.9,56758,2.6791417598724365,-5.9,47919,2.321786642074585
929,-11.6,5902,0.2430131435394287,-11.6,3109,0.14850664138793945,-11.6,2725,0.14158987998962402
930,-7.0,107303,3.9844446182250977,-7.0,54622,2.6115431785583496,-7.0,46010,2.265061140060425
931,-9.3,5536,2.335324287414551,-9.9,37317,2.597642660140991,-9.9,28338,2.385958194732666
932,-6.1,23351,1.3457279205322266,-6.1,8420,0.8292889595031738,-6.1,8015,0.7545042037963867
933,-4.0,76526,2.7345452308654785,-4.0,22150,1.8058550357818604,-4.0,20441,1.7221450805664062
934,-12.9,11403,0.4185032844543457,-12.9,6904,0.29689717292785645,-12.9,5874,0.2708761692047119
935,-4.9,37869,1.967210292816162,-4.9,21382,1.5189225673675537,-4.9,19408,1.4221227169036865
936,-17.9,25995,1.5369782447814941,-18.6,13789,1.12125563621521,-18.6,12030,1.0148050785064697
937,-7.7,27823,0.973623514175415,-7.7,15158,0.6699810028076172,-7.7,14025,0.623631477355957
938,-8.7,10166,0.3168833255767822,-8.7,5012,0.22030425071716309,-8.7,4553,0.21373200416564941
939,-0.5,48706,2.683835983276367,-0.5,25211,1.9348337650299072,-0.5,20815,1.8343820571899414
940,-6.1,116291,4.080820083618164,-6.1,60147,2.7177326679229736,-6.1,47183,2.2312004566192627
941,-8.3,86907,3.6181910037994385,-8.3,27864,1.867035150527954,-7.01,52142,2.661099672317505
942,-6.1,25489,0.7996978759765625,-7.1,18072,0.6950316429138184,-7.1,16919,0.6698760986328125
943,-5.5,76028,4.854375123977661,-5.5,50579,4.094619035720825,-5.5,43898,3.825011968612671
944,-11.2,93409,5.21985387802124,-11.2,49919,3.619387626647949,-11.2,41915,3.3449289798736572
945,-4.9,113365,4.050474166870117,-4.9,59010,2.7377119064331055,-4.9,50747,2.391432046890259
946,-3.6,109340,3.7106246948242188,-3.6,55468,2.5035479068756104,-3.6,49922,2.337167263031006
947,-10.1,149745,5.450712442398071,-10.1,91728,4.128431558609009,-10.1,86738,3.94914174079895
948,-9.1,207531,8.318970203399658,-9.5,124972,6.202375888824463,-9.5,113521,6.021856069564819
949,-12.9,13096,0.47703051567077637,-12.9,7902,0.434051513671875,-12.9,5638,0.3290865421295166
950,-4.3,5913,4.932451963424683,-5.1,63620,3.202977418899536,-5.1,57319,2.8842480182647705
951,-4.4,132969,5.012650489807129,-4.4,73676,3.4614505767822266,-4.5,67727,3.314612627029419
952,-13.7,45126,2.1372151374816895,-13.7,35213,1.6874754428863525,-13.7,27475,1.392789602279663
953,-7.9,31350,1.544264793395996,-7.9,13513,0.9581923484802246,-7.9,9865,0.8840456008911133
954,-7.7,22738,0.7736978530883789,-7.7,13306,0.5742611885070801,-7.7,11106,0.4741196632385254
955,-7.4,52120,1.7677626609802246,-7.4,34149,1.3830785751342773,-7.4,28765,1.2348885536193848
956,-7.24,39860,1.474736213684082,-7.24,24402,1.0773119926452637,-7.24,21199,0.9457211494445801
957,-7.3,33387,1.9335522651672363,-7.3,21973,1.6420214176177979,-7.3,18727,1.400907278060913
958,-11.6,11583,0.6469042301177979,-11.6,7409,0.5084948539733887,-11.6,5264,0.38651037216186523
959,-3.9,140689,7.17976713180542,-3.9,56068,4.031270503997803,-3.9,46915,3.672992706298828
960,-5.6,27955,0.9356868267059326,-5.6,13024,0.607102632522583,-5.6,12290,0.5766479969024658
961,-2.5,93347,3.4408819675445557,-2.5,60758,2.62569522857666,-2.5,51994,2.458202362060547
962,-8.1,35020,1.119755506515503,-8.1,20489,0.8175902366638184,-8.1,19356,0.8024897575378418
963,-3.9,16085,0.5400760173797607,-3.9,10407,0.43738770484924316,-3.9,9715,0.38843393325805664
964,-1.6,17062,0.8041179180145264,-1.6,9180,0.569589376449585,-1.6,8291,0.5573916435241699
965,-9.3,62524,1.8787312507629395,-9.3,36148,1.4483342170715332,-9.3,30924,1.2958166599273682
966,0.0,6238,3.590630531311035,0.0,35246,2.6818268299102783,0.0,31500,2.540832757949829
967,-15.2,72872,2.531808853149414,-15.2,40547,1.771881341934204,-15.2,32269,1.5546839237213135
968,-2.0,75013,3.8155674934387207,-2.0,41036,2.649970769882202,-2.0,34194,2.323023557662964
969,-4.0,76188,3.825019598007202,-4.0,45971,2.954458713531494,-4.0,39439,2.573413133621216
970,-6.3,190854,8.125622987747192,-6.3,106413,5.321409463882446,-6.3,98842,4.851413726806641
971,0.2,174999,7.122481346130371,0.2,101536,4.86661171913147,0.2,89331,4.504194259643555
972,-6.4,62022,2.21303391456604,-6.4,29184,1.362633466720581,-6.4,22350,1.0313427448272705
973,-16.0,73210,2.584848403930664,-17.3,40303,1.7591257095336914,-15.3,31231,1.4359409809112549
974,-6.4,16233,0.4977738857269287,-6.4,10478,0.40723609924316406,-6.4,9516,0.3758716583251953
975,-7.7,6565,0.2019824981689453,-7.7,3212,0.14819669723510742,-7.7,3071,0.14148974418640137
976,-6.4,99963,3.7426469326019287,-6.4,61768,2.766024351119995,-6.4,57228,2.660022258758545
977,-17.3,6336,0.23212575912475586,-17.3,3737,0.16251754760742188,-17.3,3630,0.15472841262817383
978,-5.0,69314,2.216874122619629,-5.0,37573,1.5237233638763428,-5.0,31772,1.3680763244628906
979,-15.3,20264,0.61090087890625,-15.6,12141,0.49370336532592773,-15.6,10008,0.4028759002685547
980,-10.0,28077,0.9232957363128662,-10.1,12528,0.5564980506896973,-10.1,11908,0.5676102638244629
981,-5.9,15813,0.7284843921661377,-5.9,9312,0.5234248638153076,-5.9,8294,0.5235564708709717
982,-4.4,200562,7.262160778045654,-4.4,86007,4.296649217605591,-4.4,79138,4.077933311462402
983,-3.2,36557,1.9585750102996826,-3.2,20720,1.427363634109497,-3.2,19870,1.3958730697631836
984,-13.4,245533,9.35385537147522,-13.4,131110,6.284513235092163,-13.4,122602,6.001253366470337
985,-8.1,178793,6.079360723495483,-8.1,95059,4.230893135070801,-8.2,82908,3.69338059425354
986,-6.2,45422,1.4172108173370361,-6.2,25516,1.0309607982635498,-6.2,22441,0.9504125118255615
987,-7.7,26143,0.8961687088012695,-7.7,17982,0.7264535427093506,-7.7,15020,0.6178410053253174
988,-13.3,31069,1.4142372608184814,-13.3,17425,1.0674519538879395,-13.1,15267,1.0010523796081543
989,-3.4,14256,0.6259663105010986,-3.97,9017,0.388385534286499,-3.97,6932,0.32822155952453613
990,-11.7,77516,2.2314507961273193,-11.7,36768,1.4587903022766113,-11.7,32863,1.372009515762329
991,-14.0,3922,0.12048721313476562,-14.0,2258,0.09340763092041016,-14.0,1879,0.08732891082763672
992,-4.74,14196,2.141653537750244,-4.8,17813,1.7699756622314453,-4.8,14081,1.538386344909668
993,-13.8,37991,1.2836570739746094,-13.8,18871,0.8194141387939453,-13.8,16791,0.7285134792327881
994,-11.5,40372,2.20988130569458,-11.5,28751,1.7351922988891602,-11.5,24694,1.6200594902038574
995,-18.7,11549,0.39578962326049805,-18.7,5756,0.25106048583984375,-18.7,5306,0.2628042697906494
996,-11.4,19023,0.5675222873687744,-11.4,13416,0.5423848628997803,-11.4,11316,0.44550514221191406
997,-17.2,23899,0.7366213798522949,-17.2,17973,0.628913164138794,-17.2,16476,0.6389520168304443
998,-12.4,113236,5.6039276123046875,-12.4,59913,3.946946382522583,-12.4,54635,3.858607292175293
999,-12.7,16362,0.42567896842956543,-12.7,10622,0.36444926261901855,-12.7,9536,0.3574807643890381
